global_step,epoch,train/loss,time/wall_clock_sec,time/step_time_sec,sampler/query_norm,correction/weight_mean,correction/weight_min,correction/weight_max,correction/weight_clipped_frac,lsh/refresh_count,lsh/refresh_time_sec,sampler/p_mean,sampler/p_min,sampler/p_max,sampler/cp_mean,sampler/cpK_mean,sampler/bucket_size_mean,sampler/bucket_size_max,sampler/attempts_mean,sampler/fallback_rate,sampler/probability_clamped_frac
1,0.0,0.7466142773628235,0.5878713130950928,0.5878701210021973,0.0,1.0,1.0,1.0,0.0,0,0.0,0.0002726281352235551,0.0002726281352235551,0.0002726281352235551,0.0,0.0,3668.0,3668.0,1.0,0.0,0.0
2,0.008695652173913044,0.7021927237510681,0.6935596466064453,0.09605216979980469,0.0,1.0,1.0,1.0,0.0,0,0.0,0.0002726281352235551,0.0002726281352235551,0.0002726281352235551,0.0,0.0,3668.0,3668.0,1.0,0.0,0.0
3,0.017391304347826087,0.6989912986755371,0.9185009002685547,0.09427070617675781,0.0,1.0,1.0,1.0,0.0,0,0.0,0.0002726281352235551,0.0002726281352235551,0.0002726281352235551,0.0,0.0,3668.0,3668.0,1.0,0.0,0.0
4,0.02608695652173913,0.6911203861236572,1.142622947692871,0.09480690956115723,0.0,1.0,1.0,1.0,0.0,0,0.0,0.0002726281352235551,0.0002726281352235551,0.0002726281352235551,0.0,0.0,3668.0,3668.0,1.0,0.0,0.0
5,0.034782608695652174,0.6898200511932373,1.3677523136138916,0.09517741203308105,0.0,1.0,1.0,1.0,0.0,0,0.0,0.0002726281352235551,0.0002726281352235551,0.0002726281352235551,0.0,0.0,3668.0,3668.0,1.0,0.0,0.0
6,0.043478260869565216,0.6788207292556763,1.5975687503814697,0.09726786613464355,0.0,1.0,1.0,1.0,0.0,0,0.0,0.0002726281352235551,0.0002726281352235551,0.0002726281352235551,0.0,0.0,3668.0,3668.0,1.0,0.0,0.0
7,0.05217391304347826,0.6530447006225586,1.8285095691680908,0.1000819206237793,0.0,1.0,1.0,1.0,0.0,0,0.0,0.0002726281352235551,0.0002726281352235551,0.0002726281352235551,0.0,0.0,3668.0,3668.0,1.0,0.0,0.0
8,0.06086956521739131,0.6461570858955383,2.0560803413391113,0.09975337982177734,0.0,1.0,1.0,1.0,0.0,0,0.0,0.0002726281352235551,0.0002726281352235551,0.0002726281352235551,0.0,0.0,3668.0,3668.0,1.0,0.0,0.0
9,0.06956521739130435,0.6744898557662964,2.2878098487854004,0.10443854331970215,0.0,1.0,1.0,1.0,0.0,0,0.0,0.0002726281352235551,0.0002726281352235551,0.0002726281352235551,0.0,0.0,3668.0,3668.0,1.0,0.0,0.0
10,0.0782608695652174,0.606441080570221,2.509187698364258,0.09548354148864746,0.0,1.0,1.0,1.0,0.0,0,0.0,0.0002726281352235551,0.0002726281352235551,0.0002726281352235551,0.0,0.0,3668.0,3668.0,1.0,0.0,0.0
11,0.08695652173913043,0.5375745296478271,2.742060899734497,0.10089707374572754,0.0,1.0,1.0,1.0,0.0,0,0.0,0.0002726281352235551,0.0002726281352235551,0.0002726281352235551,0.0,0.0,3668.0,3668.0,1.0,0.0,0.0
12,0.09565217391304348,0.5793780088424683,2.963378429412842,0.09449386596679688,0.0,1.0,1.0,1.0,0.0,0,0.0,0.0002726281352235551,0.0002726281352235551,0.0002726281352235551,0.0,0.0,3668.0,3668.0,1.0,0.0,0.0
13,0.10434782608695652,0.7084614634513855,3.1945254802703857,0.09899783134460449,0.0,1.0,1.0,1.0,0.0,0,0.0,0.0002726281352235551,0.0002726281352235551,0.0002726281352235551,0.0,0.0,3668.0,3668.0,1.0,0.0,0.0
14,0.11304347826086956,0.6176294088363647,3.4140517711639404,0.0922386646270752,0.0,1.0,1.0,1.0,0.0,0,0.0,0.0002726281352235551,0.0002726281352235551,0.0002726281352235551,0.0,0.0,3668.0,3668.0,1.0,0.0,0.0
15,0.12173913043478261,0.7260162830352783,3.641383647918701,0.0914156436920166,0.0,1.0,1.0,1.0,0.0,0,0.0,0.0002726281352235551,0.0002726281352235551,0.0002726281352235551,0.0,0.0,3668.0,3668.0,1.0,0.0,0.0
16,0.13043478260869565,0.6548922061920166,3.874466896057129,0.09691262245178223,0.0,1.0,1.0,1.0,0.0,0,0.0,0.0002726281352235551,0.0002726281352235551,0.0002726281352235551,0.0,0.0,3668.0,3668.0,1.0,0.0,0.0
17,0.1391304347826087,0.42954960465431213,4.099898338317871,0.09435057640075684,0.0,1.0,1.0,1.0,0.0,0,0.0,0.0002726281352235551,0.0002726281352235551,0.0002726281352235551,0.0,0.0,3668.0,3668.0,1.0,0.0,0.0
18,0.14782608695652175,0.7395337820053101,4.334903717041016,0.10225272178649902,0.0,1.0,1.0,1.0,0.0,0,0.0,0.0002726281352235551,0.0002726281352235551,0.0002726281352235551,0.0,0.0,3668.0,3668.0,1.0,0.0,0.0
19,0.1565217391304348,0.5329128503799438,4.55808424949646,0.09819817543029785,0.0,1.0,1.0,1.0,0.0,0,0.0,0.0002726281352235551,0.0002726281352235551,0.0002726281352235551,0.0,0.0,3668.0,3668.0,1.0,0.0,0.0
20,0.16521739130434782,0.572108268737793,4.800959348678589,0.11098909378051758,0.0,1.0,1.0,1.0,0.0,0,0.0,0.0002726281352235551,0.0002726281352235551,0.0002726281352235551,0.0,0.0,3668.0,3668.0,1.0,0.0,0.0
21,0.17391304347826086,0.5579856634140015,5.0297582149505615,0.11094474792480469,0.0,1.0,1.0,1.0,0.0,0,0.0,0.0002726281352235551,0.0002726281352235551,0.0002726281352235551,0.0,0.0,3668.0,3668.0,1.0,0.0,0.0
22,0.1826086956521739,0.6663476824760437,5.25970983505249,0.11337518692016602,0.0,1.0,1.0,1.0,0.0,0,0.0,0.0002726281352235551,0.0002726281352235551,0.0002726281352235551,0.0,0.0,3668.0,3668.0,1.0,0.0,0.0
23,0.19130434782608696,0.6051080226898193,5.471376419067383,0.09636974334716797,0.0,1.0,1.0,1.0,0.0,0,0.0,0.0002726281352235551,0.0002726281352235551,0.0002726281352235551,0.0,0.0,3668.0,3668.0,1.0,0.0,0.0
24,0.2,0.634235143661499,5.717458963394165,0.11401534080505371,0.0,1.0,1.0,1.0,0.0,0,0.0,0.0002726281352235551,0.0002726281352235551,0.0002726281352235551,0.0,0.0,3668.0,3668.0,1.0,0.0,0.0
25,0.20869565217391303,0.6168935298919678,5.9432361125946045,0.11157941818237305,0.0,1.0,1.0,1.0,0.0,0,0.0,0.0002726281352235551,0.0002726281352235551,0.0002726281352235551,0.0,0.0,3668.0,3668.0,1.0,0.0,0.0
26,0.21739130434782608,0.6179802417755127,7.094290018081665,0.1134040355682373,0.0,1.0,1.0,1.0,0.0,0,0.0,0.0002726281352235551,0.0002726281352235551,0.0002726281352235551,0.0,0.0,3668.0,3668.0,1.0,0.0,0.0
27,0.22608695652173913,0.4984017610549927,7.3232293128967285,0.11235284805297852,0.0,1.0,1.0,1.0,0.0,0,0.0,0.0002726281352235551,0.0002726281352235551,0.0002726281352235551,0.0,0.0,3668.0,3668.0,1.0,0.0,0.0
28,0.23478260869565218,0.5213066339492798,7.53770899772644,0.09726548194885254,0.0,1.0,1.0,1.0,0.0,0,0.0,0.0002726281352235551,0.0002726281352235551,0.0002726281352235551,0.0,0.0,3668.0,3668.0,1.0,0.0,0.0
29,0.24347826086956523,0.5178483724594116,7.781013011932373,0.11141824722290039,0.0,1.0,1.0,1.0,0.0,0,0.0,0.0002726281352235551,0.0002726281352235551,0.0002726281352235551,0.0,0.0,3668.0,3668.0,1.0,0.0,0.0
30,0.25217391304347825,0.43116050958633423,8.010262250900269,0.11721158027648926,0.0,1.0,1.0,1.0,0.0,0,0.0,0.0002726281352235551,0.0002726281352235551,0.0002726281352235551,0.0,0.0,3668.0,3668.0,1.0,0.0,0.0
31,0.2608695652173913,0.5169937014579773,8.21850037574768,0.09647083282470703,0.0,1.0,1.0,1.0,0.0,0,0.0,0.0002726281352235551,0.0002726281352235551,0.0002726281352235551,0.0,0.0,3668.0,3668.0,1.0,0.0,0.0
32,0.26956521739130435,0.598785400390625,8.450095891952515,0.09950089454650879,0.0,1.0,1.0,1.0,0.0,0,0.0,0.0002726281352235551,0.0002726281352235551,0.0002726281352235551,0.0,0.0,3668.0,3668.0,1.0,0.0,0.0
33,0.2782608695652174,0.7706034779548645,8.680701494216919,0.0988016128540039,0.0,1.0,1.0,1.0,0.0,0,0.0,0.0002726281352235551,0.0002726281352235551,0.0002726281352235551,0.0,0.0,3668.0,3668.0,1.0,0.0,0.0
34,0.28695652173913044,0.6442546844482422,8.904958486557007,0.0941469669342041,0.0,1.0,1.0,1.0,0.0,0,0.0,0.0002726281352235551,0.0002726281352235551,0.0002726281352235551,0.0,0.0,3668.0,3668.0,1.0,0.0,0.0
35,0.2956521739130435,0.7250717878341675,9.147028684616089,0.10821080207824707,0.0,1.0,1.0,1.0,0.0,0,0.0,0.0002726281352235551,0.0002726281352235551,0.0002726281352235551,0.0,0.0,3668.0,3668.0,1.0,0.0,0.0
36,0.30434782608695654,0.4658520817756653,9.378341913223267,0.11008977890014648,0.0,1.0,1.0,1.0,0.0,0,0.0,0.0002726281352235551,0.0002726281352235551,0.0002726281352235551,0.0,0.0,3668.0,3668.0,1.0,0.0,0.0
37,0.3130434782608696,0.5374568104743958,9.593470335006714,0.09430408477783203,0.0,1.0,1.0,1.0,0.0,0,0.0,0.0002726281352235551,0.0002726281352235551,0.0002726281352235551,0.0,0.0,3668.0,3668.0,1.0,0.0,0.0
38,0.3217391304347826,0.5252987742424011,9.840349674224854,0.11201310157775879,0.0,1.0,1.0,1.0,0.0,0,0.0,0.0002726281352235551,0.0002726281352235551,0.0002726281352235551,0.0,0.0,3668.0,3668.0,1.0,0.0,0.0
39,0.33043478260869563,0.5048820972442627,10.06950068473816,0.11094188690185547,0.0,1.0,1.0,1.0,0.0,0,0.0,0.0002726281352235551,0.0002726281352235551,0.0002726281352235551,0.0,0.0,3668.0,3668.0,1.0,0.0,0.0
40,0.3391304347826087,0.4840078353881836,10.29876160621643,0.11051702499389648,0.0,1.0,1.0,1.0,0.0,0,0.0,0.0002726281352235551,0.0002726281352235551,0.0002726281352235551,0.0,0.0,3668.0,3668.0,1.0,0.0,0.0
41,0.34782608695652173,0.5149887800216675,10.529697179794312,0.11189723014831543,0.0,1.0,1.0,1.0,0.0,0,0.0,0.0002726281352235551,0.0002726281352235551,0.0002726281352235551,0.0,0.0,3668.0,3668.0,1.0,0.0,0.0
42,0.3565217391304348,0.5713863372802734,10.761144161224365,0.11340498924255371,0.0,1.0,1.0,1.0,0.0,0,0.0,0.0002726281352235551,0.0002726281352235551,0.0002726281352235551,0.0,0.0,3668.0,3668.0,1.0,0.0,0.0
43,0.3652173913043478,0.4027141332626343,10.986229181289673,0.10953831672668457,0.0,1.0,1.0,1.0,0.0,0,0.0,0.0002726281352235551,0.0002726281352235551,0.0002726281352235551,0.0,0.0,3668.0,3668.0,1.0,0.0,0.0
44,0.3739130434782609,0.6227702498435974,11.223186254501343,0.11213064193725586,0.0,1.0,1.0,1.0,0.0,0,0.0,0.0002726281352235551,0.0002726281352235551,0.0002726281352235551,0.0,0.0,3668.0,3668.0,1.0,0.0,0.0
45,0.3826086956521739,0.4348587691783905,11.450973510742188,0.10936331748962402,0.0,1.0,1.0,1.0,0.0,0,0.0,0.0002726281352235551,0.0002726281352235551,0.0002726281352235551,0.0,0.0,3668.0,3668.0,1.0,0.0,0.0
46,0.391304347826087,0.4511899948120117,11.681519269943237,0.11153769493103027,0.0,1.0,1.0,1.0,0.0,0,0.0,0.0002726281352235551,0.0002726281352235551,0.0002726281352235551,0.0,0.0,3668.0,3668.0,1.0,0.0,0.0
47,0.4,0.4722326397895813,11.914137840270996,0.11410021781921387,0.0,1.0,1.0,1.0,0.0,0,0.0,0.0002726281352235551,0.0002726281352235551,0.0002726281352235551,0.0,0.0,3668.0,3668.0,1.0,0.0,0.0
48,0.40869565217391307,0.4259357452392578,12.136012077331543,0.09610700607299805,0.0,1.0,1.0,1.0,0.0,0,0.0,0.0002726281352235551,0.0002726281352235551,0.0002726281352235551,0.0,0.0,3668.0,3668.0,1.0,0.0,0.0
49,0.41739130434782606,0.5931045413017273,12.379138708114624,0.1091306209564209,0.0,1.0,1.0,1.0,0.0,0,0.0,0.0002726281352235551,0.0002726281352235551,0.0002726281352235551,0.0,0.0,3668.0,3668.0,1.0,0.0,0.0
50,0.4260869565217391,0.6065984964370728,12.595690965652466,0.09586048126220703,0.0,1.0,1.0,1.0,0.0,0,0.0,0.0002726281352235551,0.0002726281352235551,0.0002726281352235551,0.0,0.0,3668.0,3668.0,1.0,0.0,0.0
51,0.43478260869565216,0.516261637210846,13.764513492584229,0.11356043815612793,0.0,1.0,1.0,1.0,0.0,0,0.0,0.0002726281352235551,0.0002726281352235551,0.0002726281352235551,0.0,0.0,3668.0,3668.0,1.0,0.0,0.0
52,0.4434782608695652,0.49839118123054504,13.993088006973267,0.11194252967834473,0.0,1.0,1.0,1.0,0.0,0,0.0,0.0002726281352235551,0.0002726281352235551,0.0002726281352235551,0.0,0.0,3668.0,3668.0,1.0,0.0,0.0
53,0.45217391304347826,0.5195589065551758,14.220308780670166,0.10928821563720703,0.0,1.0,1.0,1.0,0.0,0,0.0,0.0002726281352235551,0.0002726281352235551,0.0002726281352235551,0.0,0.0,3668.0,3668.0,1.0,0.0,0.0
54,0.4608695652173913,0.6615570783615112,14.45409631729126,0.11147212982177734,0.0,1.0,1.0,1.0,0.0,0,0.0,0.0002726281352235551,0.0002726281352235551,0.0002726281352235551,0.0,0.0,3668.0,3668.0,1.0,0.0,0.0
55,0.46956521739130436,0.5238279700279236,14.682341575622559,0.10850644111633301,0.0,1.0,1.0,1.0,0.0,0,0.0,0.0002726281352235551,0.0002726281352235551,0.0002726281352235551,0.0,0.0,3668.0,3668.0,1.0,0.0,0.0
56,0.4782608695652174,0.5814474821090698,14.912966251373291,0.10986757278442383,0.0,1.0,1.0,1.0,0.0,0,0.0,0.0002726281352235551,0.0002726281352235551,0.0002726281352235551,0.0,0.0,3668.0,3668.0,1.0,0.0,0.0
57,0.48695652173913045,0.5040964484214783,15.142432928085327,0.11044740676879883,0.0,1.0,1.0,1.0,0.0,0,0.0,0.0002726281352235551,0.0002726281352235551,0.0002726281352235551,0.0,0.0,3668.0,3668.0,1.0,0.0,0.0
58,0.4956521739130435,0.46236133575439453,15.37297010421753,0.11084556579589844,0.0,1.0,1.0,1.0,0.0,0,0.0,0.0002726281352235551,0.0002726281352235551,0.0002726281352235551,0.0,0.0,3668.0,3668.0,1.0,0.0,0.0
59,0.5043478260869565,0.5498520731925964,15.601562738418579,0.1093285083770752,0.0,1.0,1.0,1.0,0.0,0,0.0,0.0002726281352235551,0.0002726281352235551,0.0002726281352235551,0.0,0.0,3668.0,3668.0,1.0,0.0,0.0
60,0.5130434782608696,0.4164871275424957,15.831656455993652,0.1104280948638916,0.0,1.0,1.0,1.0,0.0,0,0.0,0.0002726281352235551,0.0002726281352235551,0.0002726281352235551,0.0,0.0,3668.0,3668.0,1.0,0.0,0.0
61,0.5217391304347826,0.32358044385910034,16.04871439933777,0.09730291366577148,0.0,1.0,1.0,1.0,0.0,0,0.0,0.0002726281352235551,0.0002726281352235551,0.0002726281352235551,0.0,0.0,3668.0,3668.0,1.0,0.0,0.0
62,0.5304347826086957,0.33087122440338135,16.29865837097168,0.11625480651855469,0.0,1.0,1.0,1.0,0.0,0,0.0,0.0002726281352235551,0.0002726281352235551,0.0002726281352235551,0.0,0.0,3668.0,3668.0,1.0,0.0,0.0
63,0.5391304347826087,0.37633389234542847,16.533698081970215,0.11451077461242676,0.0,1.0,1.0,1.0,0.0,0,0.0,0.0002726281352235551,0.0002726281352235551,0.0002726281352235551,0.0,0.0,3668.0,3668.0,1.0,0.0,0.0
64,0.5478260869565217,0.47518807649612427,16.74655532836914,0.09643888473510742,0.0,1.0,1.0,1.0,0.0,0,0.0,0.0002726281352235551,0.0002726281352235551,0.0002726281352235551,0.0,0.0,3668.0,3668.0,1.0,0.0,0.0
65,0.5565217391304348,0.7196946144104004,17.000391721725464,0.12024545669555664,0.0,1.0,1.0,1.0,0.0,0,0.0,0.0002726281352235551,0.0002726281352235551,0.0002726281352235551,0.0,0.0,3668.0,3668.0,1.0,0.0,0.0
66,0.5652173913043478,0.52845299243927,17.208940029144287,0.0978400707244873,0.0,1.0,1.0,1.0,0.0,0,0.0,0.0002726281352235551,0.0002726281352235551,0.0002726281352235551,0.0,0.0,3668.0,3668.0,1.0,0.0,0.0
67,0.5739130434782609,0.2813236713409424,17.438847303390503,0.09634041786193848,0.0,1.0,1.0,1.0,0.0,0,0.0,0.0002726281352235551,0.0002726281352235551,0.0002726281352235551,0.0,0.0,3668.0,3668.0,1.0,0.0,0.0
68,0.5826086956521739,0.6583703756332397,17.670814514160156,0.09458708763122559,0.0,1.0,1.0,1.0,0.0,0,0.0,0.0002726281352235551,0.0002726281352235551,0.0002726281352235551,0.0,0.0,3668.0,3668.0,1.0,0.0,0.0
69,0.591304347826087,0.451567679643631,17.90326690673828,0.0977180004119873,0.0,1.0,1.0,1.0,0.0,0,0.0,0.0002726281352235551,0.0002726281352235551,0.0002726281352235551,0.0,0.0,3668.0,3668.0,1.0,0.0,0.0
70,0.6,0.4981016516685486,18.14500069618225,0.10842728614807129,0.0,1.0,1.0,1.0,0.0,0,0.0,0.0002726281352235551,0.0002726281352235551,0.0002726281352235551,0.0,0.0,3668.0,3668.0,1.0,0.0,0.0
71,0.6086956521739131,0.3835384249687195,18.364963054656982,0.0984811782836914,0.0,1.0,1.0,1.0,0.0,0,0.0,0.0002726281352235551,0.0002726281352235551,0.0002726281352235551,0.0,0.0,3668.0,3668.0,1.0,0.0,0.0
72,0.6173913043478261,0.4232676029205322,18.595913410186768,0.09683704376220703,0.0,1.0,1.0,1.0,0.0,0,0.0,0.0002726281352235551,0.0002726281352235551,0.0002726281352235551,0.0,0.0,3668.0,3668.0,1.0,0.0,0.0
73,0.6260869565217392,0.28725528717041016,18.826788425445557,0.09705138206481934,0.0,1.0,1.0,1.0,0.0,0,0.0,0.0002726281352235551,0.0002726281352235551,0.0002726281352235551,0.0,0.0,3668.0,3668.0,1.0,0.0,0.0
74,0.6347826086956522,0.47320401668548584,19.05732822418213,0.09715485572814941,0.0,1.0,1.0,1.0,0.0,0,0.0,0.0002726281352235551,0.0002726281352235551,0.0002726281352235551,0.0,0.0,3668.0,3668.0,1.0,0.0,0.0
75,0.6434782608695652,0.40327322483062744,19.289223194122314,0.09775876998901367,0.0,1.0,1.0,1.0,0.0,0,0.0,0.0002726281352235551,0.0002726281352235551,0.0002726281352235551,0.0,0.0,3668.0,3668.0,1.0,0.0,0.0
76,0.6521739130434783,0.41432642936706543,20.455812692642212,0.10484719276428223,0.0,1.0,1.0,1.0,0.0,0,0.0,0.0002726281352235551,0.0002726281352235551,0.0002726281352235551,0.0,0.0,3668.0,3668.0,1.0,0.0,0.0
77,0.6608695652173913,0.5132489800453186,20.68851351737976,0.10473966598510742,0.0,1.0,1.0,1.0,0.0,0,0.0,0.0002726281352235551,0.0002726281352235551,0.0002726281352235551,0.0,0.0,3668.0,3668.0,1.0,0.0,0.0
78,0.6695652173913044,0.5287680625915527,20.917802572250366,0.10251045227050781,0.0,1.0,1.0,1.0,0.0,0,0.0,0.0002726281352235551,0.0002726281352235551,0.0002726281352235551,0.0,0.0,3668.0,3668.0,1.0,0.0,0.0
79,0.6782608695652174,0.659338116645813,21.149033069610596,0.10294556617736816,0.0,1.0,1.0,1.0,0.0,0,0.0,0.0002726281352235551,0.0002726281352235551,0.0002726281352235551,0.0,0.0,3668.0,3668.0,1.0,0.0,0.0
80,0.6869565217391305,0.32577791810035706,21.38189387321472,0.10442829132080078,0.0,1.0,1.0,1.0,0.0,0,0.0,0.0002726281352235551,0.0002726281352235551,0.0002726281352235551,0.0,0.0,3668.0,3668.0,1.0,0.0,0.0
81,0.6956521739130435,0.42107224464416504,21.601982831954956,0.09500813484191895,0.0,1.0,1.0,1.0,0.0,0,0.0,0.0002726281352235551,0.0002726281352235551,0.0002726281352235551,0.0,0.0,3668.0,3668.0,1.0,0.0,0.0
82,0.7043478260869566,0.4718136191368103,21.833982944488525,0.09648537635803223,0.0,1.0,1.0,1.0,0.0,0,0.0,0.0002726281352235551,0.0002726281352235551,0.0002726281352235551,0.0,0.0,3668.0,3668.0,1.0,0.0,0.0
83,0.7130434782608696,0.4415488541126251,22.072490692138672,0.10429573059082031,0.0,1.0,1.0,1.0,0.0,0,0.0,0.0002726281352235551,0.0002726281352235551,0.0002726281352235551,0.0,0.0,3668.0,3668.0,1.0,0.0,0.0
84,0.7217391304347827,0.6479364037513733,22.30500364303589,0.10706710815429688,0.0,1.0,1.0,1.0,0.0,0,0.0,0.0002726281352235551,0.0002726281352235551,0.0002726281352235551,0.0,0.0,3668.0,3668.0,1.0,0.0,0.0
85,0.7304347826086957,0.2660382390022278,22.536828994750977,0.10939383506774902,0.0,1.0,1.0,1.0,0.0,0,0.0,0.0002726281352235551,0.0002726281352235551,0.0002726281352235551,0.0,0.0,3668.0,3668.0,1.0,0.0,0.0
86,0.7391304347826086,0.40995991230010986,22.76604652404785,0.10778403282165527,0.0,1.0,1.0,1.0,0.0,0,0.0,0.0002726281352235551,0.0002726281352235551,0.0002726281352235551,0.0,0.0,3668.0,3668.0,1.0,0.0,0.0
87,0.7478260869565218,0.2953665256500244,22.985846042633057,0.09748697280883789,0.0,1.0,1.0,1.0,0.0,0,0.0,0.0002726281352235551,0.0002726281352235551,0.0002726281352235551,0.0,0.0,3668.0,3668.0,1.0,0.0,0.0
88,0.7565217391304347,0.3778565526008606,23.22970485687256,0.11018085479736328,0.0,1.0,1.0,1.0,0.0,0,0.0,0.0002726281352235551,0.0002726281352235551,0.0002726281352235551,0.0,0.0,3668.0,3668.0,1.0,0.0,0.0
89,0.7652173913043478,0.46343615651130676,23.461663246154785,0.112579345703125,0.0,1.0,1.0,1.0,0.0,0,0.0,0.0002726281352235551,0.0002726281352235551,0.0002726281352235551,0.0,0.0,3668.0,3668.0,1.0,0.0,0.0
90,0.7739130434782608,0.35334116220474243,23.69155740737915,0.11137890815734863,0.0,1.0,1.0,1.0,0.0,0,0.0,0.0002726281352235551,0.0002726281352235551,0.0002726281352235551,0.0,0.0,3668.0,3668.0,1.0,0.0,0.0
91,0.782608695652174,0.5678449273109436,23.908155918121338,0.09696340560913086,0.0,1.0,1.0,1.0,0.0,0,0.0,0.0002726281352235551,0.0002726281352235551,0.0002726281352235551,0.0,0.0,3668.0,3668.0,1.0,0.0,0.0
92,0.7913043478260869,0.42256879806518555,24.155755043029785,0.11416196823120117,0.0,1.0,1.0,1.0,0.0,0,0.0,0.0002726281352235551,0.0002726281352235551,0.0002726281352235551,0.0,0.0,3668.0,3668.0,1.0,0.0,0.0
93,0.8,0.2673942446708679,24.370829343795776,0.09645485877990723,0.0,1.0,1.0,1.0,0.0,0,0.0,0.0002726281352235551,0.0002726281352235551,0.0002726281352235551,0.0,0.0,3668.0,3668.0,1.0,0.0,0.0
94,0.808695652173913,0.32689133286476135,24.612433910369873,0.10816788673400879,0.0,1.0,1.0,1.0,0.0,0,0.0,0.0002726281352235551,0.0002726281352235551,0.0002726281352235551,0.0,0.0,3668.0,3668.0,1.0,0.0,0.0
95,0.8173913043478261,0.34239763021469116,24.842113256454468,0.1059577465057373,0.0,1.0,1.0,1.0,0.0,0,0.0,0.0002726281352235551,0.0002726281352235551,0.0002726281352235551,0.0,0.0,3668.0,3668.0,1.0,0.0,0.0
96,0.8260869565217391,0.42502298951148987,25.066351652145386,0.09975194931030273,0.0,1.0,1.0,1.0,0.0,0,0.0,0.0002726281352235551,0.0002726281352235551,0.0002726281352235551,0.0,0.0,3668.0,3668.0,1.0,0.0,0.0
97,0.8347826086956521,0.644179105758667,25.301101446151733,0.10402798652648926,0.0,1.0,1.0,1.0,0.0,0,0.0,0.0002726281352235551,0.0002726281352235551,0.0002726281352235551,0.0,0.0,3668.0,3668.0,1.0,0.0,0.0
98,0.8434782608695652,0.42761489748954773,25.52992296218872,0.10201501846313477,0.0,1.0,1.0,1.0,0.0,0,0.0,0.0002726281352235551,0.0002726281352235551,0.0002726281352235551,0.0,0.0,3668.0,3668.0,1.0,0.0,0.0
99,0.8521739130434782,0.3592326045036316,25.765568256378174,0.10685014724731445,0.0,1.0,1.0,1.0,0.0,0,0.0,0.0002726281352235551,0.0002726281352235551,0.0002726281352235551,0.0,0.0,3668.0,3668.0,1.0,0.0,0.0
100,0.8608695652173913,0.45697808265686035,25.991758823394775,0.09489846229553223,0.0,1.0,1.0,1.0,0.0,0,0.0,0.0002726281352235551,0.0002726281352235551,0.0002726281352235551,0.0,0.0,3668.0,3668.0,1.0,0.0,0.0
101,0.8695652173913043,0.32936015725135803,27.162145853042603,0.10293841361999512,0.0,1.0,1.0,1.0,0.0,0,0.0,0.0002726281352235551,0.0002726281352235551,0.0002726281352235551,0.0,0.0,3668.0,3668.0,1.0,0.0,0.0
102,0.8782608695652174,0.44879722595214844,27.388617992401123,0.09719276428222656,0.0,1.0,1.0,1.0,0.0,0,0.0,0.0002726281352235551,0.0002726281352235551,0.0002726281352235551,0.0,0.0,3668.0,3668.0,1.0,0.0,0.0
103,0.8869565217391304,0.41673874855041504,27.62333059310913,0.10150027275085449,0.0,1.0,1.0,1.0,0.0,0,0.0,0.0002726281352235551,0.0002726281352235551,0.0002726281352235551,0.0,0.0,3668.0,3668.0,1.0,0.0,0.0
104,0.8956521739130435,0.4939110279083252,27.859750509262085,0.10619354248046875,0.0,1.0,1.0,1.0,0.0,0,0.0,0.0002726281352235551,0.0002726281352235551,0.0002726281352235551,0.0,0.0,3668.0,3668.0,1.0,0.0,0.0
105,0.9043478260869565,0.47642385959625244,28.091758012771606,0.10642075538635254,0.0,1.0,1.0,1.0,0.0,0,0.0,0.0002726281352235551,0.0002726281352235551,0.0002726281352235551,0.0,0.0,3668.0,3668.0,1.0,0.0,0.0
106,0.9130434782608695,0.365878701210022,28.32652974128723,0.11043190956115723,0.0,1.0,1.0,1.0,0.0,0,0.0,0.0002726281352235551,0.0002726281352235551,0.0002726281352235551,0.0,0.0,3668.0,3668.0,1.0,0.0,0.0
107,0.9217391304347826,0.37652403116226196,28.557615518569946,0.10945916175842285,0.0,1.0,1.0,1.0,0.0,0,0.0,0.0002726281352235551,0.0002726281352235551,0.0002726281352235551,0.0,0.0,3668.0,3668.0,1.0,0.0,0.0
108,0.9304347826086956,0.4425166845321655,28.7901873588562,0.11017966270446777,0.0,1.0,1.0,1.0,0.0,0,0.0,0.0002726281352235551,0.0002726281352235551,0.0002726281352235551,0.0,0.0,3668.0,3668.0,1.0,0.0,0.0
109,0.9391304347826087,0.370658814907074,29.024073362350464,0.11330366134643555,0.0,1.0,1.0,1.0,0.0,0,0.0,0.0002726281352235551,0.0002726281352235551,0.0002726281352235551,0.0,0.0,3668.0,3668.0,1.0,0.0,0.0
110,0.9478260869565217,0.30505436658859253,29.238091707229614,0.09591174125671387,0.0,1.0,1.0,1.0,0.0,0,0.0,0.0002726281352235551,0.0002726281352235551,0.0002726281352235551,0.0,0.0,3668.0,3668.0,1.0,0.0,0.0
111,0.9565217391304348,0.3860803246498108,29.48502254486084,0.11132287979125977,0.0,1.0,1.0,1.0,0.0,0,0.0,0.0002726281352235551,0.0002726281352235551,0.0002726281352235551,0.0,0.0,3668.0,3668.0,1.0,0.0,0.0
112,0.9652173913043478,0.23372739553451538,29.715344190597534,0.10936117172241211,0.0,1.0,1.0,1.0,0.0,0,0.0,0.0002726281352235551,0.0002726281352235551,0.0002726281352235551,0.0,0.0,3668.0,3668.0,1.0,0.0,0.0
113,0.9739130434782609,0.2207416594028473,29.951852798461914,0.11379361152648926,0.0,1.0,1.0,1.0,0.0,0,0.0,0.0002726281352235551,0.0002726281352235551,0.0002726281352235551,0.0,0.0,3668.0,3668.0,1.0,0.0,0.0
114,0.9826086956521739,0.5539120435714722,30.18207621574402,0.11198854446411133,0.0,1.0,1.0,1.0,0.0,0,0.0,0.0002726281352235551,0.0002726281352235551,0.0002726281352235551,0.0,0.0,3668.0,3668.0,1.0,0.0,0.0
115,0.991304347826087,0.3223700225353241,30.412015438079834,0.11169171333312988,0.0,1.0,1.0,1.0,0.0,0,0.0,0.0002726281352235551,0.0002726281352235551,0.0002726281352235551,0.0,0.0,3668.0,3668.0,1.0,0.0,0.0
116,1.0,0.20291981101036072,30.642952919006348,0.11198854446411133,0.0,1.0,1.0,1.0,0.0,0,0.0,0.0002726281352235551,0.0002726281352235551,0.0002726281352235551,0.0,0.0,3668.0,3668.0,1.0,0.0,0.0
117,1.008695652173913,0.43649736046791077,30.87774896621704,0.11478781700134277,0.0,1.0,1.0,1.0,0.0,0,0.0,0.0002726281352235551,0.0002726281352235551,0.0002726281352235551,0.0,0.0,3668.0,3668.0,1.0,0.0,0.0
118,1.017391304347826,0.23903223872184753,31.098278760910034,0.10365796089172363,0.0,1.0,1.0,1.0,0.0,0,0.0,0.0002726281352235551,0.0002726281352235551,0.0002726281352235551,0.0,0.0,3668.0,3668.0,1.0,0.0,0.0
119,1.0260869565217392,0.4249167740345001,31.32295870780945,0.09620881080627441,0.0,1.0,1.0,1.0,0.0,0,0.0,0.0002726281352235551,0.0002726281352235551,0.0002726281352235551,0.0,0.0,3668.0,3668.0,1.0,0.0,0.0
120,1.0347826086956522,0.27426832914352417,31.549532651901245,0.0926511287689209,0.0,1.0,1.0,1.0,0.0,0,0.0,0.0002726281352235551,0.0002726281352235551,0.0002726281352235551,0.0,0.0,3668.0,3668.0,1.0,0.0,0.0
121,1.0434782608695652,0.2835729718208313,31.782912492752075,0.0943305492401123,0.0,1.0,1.0,1.0,0.0,0,0.0,0.0002726281352235551,0.0002726281352235551,0.0002726281352235551,0.0,0.0,3668.0,3668.0,1.0,0.0,0.0
122,1.0521739130434782,0.35125914216041565,32.013025999069214,0.09214091300964355,0.0,1.0,1.0,1.0,0.0,0,0.0,0.0002726281352235551,0.0002726281352235551,0.0002726281352235551,0.0,0.0,3668.0,3668.0,1.0,0.0,0.0
123,1.0608695652173914,0.24453236162662506,32.246753215789795,0.09454584121704102,0.0,1.0,1.0,1.0,0.0,0,0.0,0.0002726281352235551,0.0002726281352235551,0.0002726281352235551,0.0,0.0,3668.0,3668.0,1.0,0.0,0.0
124,1.0695652173913044,0.24124877154827118,32.47677946090698,0.09196162223815918,0.0,1.0,1.0,1.0,0.0,0,0.0,0.0002726281352235551,0.0002726281352235551,0.0002726281352235551,0.0,0.0,3668.0,3668.0,1.0,0.0,0.0
125,1.0782608695652174,0.3947701156139374,32.71170258522034,0.09459424018859863,0.0,1.0,1.0,1.0,0.0,0,0.0,0.0002726281352235551,0.0002726281352235551,0.0002726281352235551,0.0,0.0,3668.0,3668.0,1.0,0.0,0.0
126,1.0869565217391304,0.1778184324502945,33.88138151168823,0.09591341018676758,0.0,1.0,1.0,1.0,0.0,0,0.0,0.0002726281352235551,0.0002726281352235551,0.0002726281352235551,0.0,0.0,3668.0,3668.0,1.0,0.0,0.0
127,1.0956521739130434,0.33905088901519775,34.11320114135742,0.0943610668182373,0.0,1.0,1.0,1.0,0.0,0,0.0,0.0002726281352235551,0.0002726281352235551,0.0002726281352235551,0.0,0.0,3668.0,3668.0,1.0,0.0,0.0
128,1.1043478260869566,0.3546367883682251,34.34288454055786,0.09146666526794434,0.0,1.0,1.0,1.0,0.0,0,0.0,0.0002726281352235551,0.0002726281352235551,0.0002726281352235551,0.0,0.0,3668.0,3668.0,1.0,0.0,0.0
129,1.1130434782608696,0.3669816255569458,34.57561469078064,0.09251070022583008,0.0,1.0,1.0,1.0,0.0,0,0.0,0.0002726281352235551,0.0002726281352235551,0.0002726281352235551,0.0,0.0,3668.0,3668.0,1.0,0.0,0.0
130,1.1217391304347826,0.38433462381362915,34.80735182762146,0.09217309951782227,0.0,1.0,1.0,1.0,0.0,0,0.0,0.0002726281352235551,0.0002726281352235551,0.0002726281352235551,0.0,0.0,3668.0,3668.0,1.0,0.0,0.0
131,1.1304347826086956,0.24901872873306274,35.039907693862915,0.09351539611816406,0.0,1.0,1.0,1.0,0.0,0,0.0,0.0002726281352235551,0.0002726281352235551,0.0002726281352235551,0.0,0.0,3668.0,3668.0,1.0,0.0,0.0
132,1.1391304347826088,0.13512003421783447,35.27189612388611,0.09420108795166016,0.0,1.0,1.0,1.0,0.0,0,0.0,0.0002726281352235551,0.0002726281352235551,0.0002726281352235551,0.0,0.0,3668.0,3668.0,1.0,0.0,0.0
133,1.1478260869565218,0.29310429096221924,35.50613331794739,0.09647083282470703,0.0,1.0,1.0,1.0,0.0,0,0.0,0.0002726281352235551,0.0002726281352235551,0.0002726281352235551,0.0,0.0,3668.0,3668.0,1.0,0.0,0.0
134,1.1565217391304348,0.43944793939590454,35.754064083099365,0.11191225051879883,0.0,1.0,1.0,1.0,0.0,0,0.0,0.0002726281352235551,0.0002726281352235551,0.0002726281352235551,0.0,0.0,3668.0,3668.0,1.0,0.0,0.0
135,1.1652173913043478,0.43273451924324036,35.97294092178345,0.09789490699768066,0.0,1.0,1.0,1.0,0.0,0,0.0,0.0002726281352235551,0.0002726281352235551,0.0002726281352235551,0.0,0.0,3668.0,3668.0,1.0,0.0,0.0
136,1.173913043478261,0.3611604571342468,36.218849658966064,0.11175179481506348,0.0,1.0,1.0,1.0,0.0,0,0.0,0.0002726281352235551,0.0002726281352235551,0.0002726281352235551,0.0,0.0,3668.0,3668.0,1.0,0.0,0.0
137,1.182608695652174,0.36021703481674194,36.435577154159546,0.09598970413208008,0.0,1.0,1.0,1.0,0.0,0,0.0,0.0002726281352235551,0.0002726281352235551,0.0002726281352235551,0.0,0.0,3668.0,3668.0,1.0,0.0,0.0
138,1.191304347826087,0.33897891640663147,36.6829514503479,0.11197018623352051,0.0,1.0,1.0,1.0,0.0,0,0.0,0.0002726281352235551,0.0002726281352235551,0.0002726281352235551,0.0,0.0,3668.0,3668.0,1.0,0.0,0.0
139,1.2,0.2159784436225891,36.89978790283203,0.09575939178466797,0.0,1.0,1.0,1.0,0.0,0,0.0,0.0002726281352235551,0.0002726281352235551,0.0002726281352235551,0.0,0.0,3668.0,3668.0,1.0,0.0,0.0
140,1.208695652173913,0.3407794237136841,37.144609689712524,0.1083526611328125,0.0,1.0,1.0,1.0,0.0,0,0.0,0.0002726281352235551,0.0002726281352235551,0.0002726281352235551,0.0,0.0,3668.0,3668.0,1.0,0.0,0.0
141,1.2173913043478262,0.2868747413158417,37.37388849258423,0.10514092445373535,0.0,1.0,1.0,1.0,0.0,0,0.0,0.0002726281352235551,0.0002726281352235551,0.0002726281352235551,0.0,0.0,3668.0,3668.0,1.0,0.0,0.0
142,1.2260869565217392,0.26209917664527893,37.6169376373291,0.11544966697692871,0.0,1.0,1.0,1.0,0.0,0,0.0,0.0002726281352235551,0.0002726281352235551,0.0002726281352235551,0.0,0.0,3668.0,3668.0,1.0,0.0,0.0
143,1.2347826086956522,0.2927172780036926,37.847480058670044,0.11349320411682129,0.0,1.0,1.0,1.0,0.0,0,0.0,0.0002726281352235551,0.0002726281352235551,0.0002726281352235551,0.0,0.0,3668.0,3668.0,1.0,0.0,0.0
144,1.2434782608695651,0.2189919799566269,38.08161544799805,0.11488175392150879,0.0,1.0,1.0,1.0,0.0,0,0.0,0.0002726281352235551,0.0002726281352235551,0.0002726281352235551,0.0,0.0,3668.0,3668.0,1.0,0.0,0.0
145,1.2521739130434784,0.4303712844848633,38.298051595687866,0.09781908988952637,0.0,1.0,1.0,1.0,0.0,0,0.0,0.0002726281352235551,0.0002726281352235551,0.0002726281352235551,0.0,0.0,3668.0,3668.0,1.0,0.0,0.0
146,1.2608695652173914,0.21576127409934998,38.549052476882935,0.11624646186828613,0.0,1.0,1.0,1.0,0.0,0,0.0,0.0002726281352235551,0.0002726281352235551,0.0002726281352235551,0.0,0.0,3668.0,3668.0,1.0,0.0,0.0
147,1.2695652173913043,0.18640169501304626,38.765366554260254,0.09655332565307617,0.0,1.0,1.0,1.0,0.0,0,0.0,0.0002726281352235551,0.0002726281352235551,0.0002726281352235551,0.0,0.0,3668.0,3668.0,1.0,0.0,0.0
148,1.2782608695652173,0.34853023290634155,39.00024366378784,0.09964704513549805,0.0,1.0,1.0,1.0,0.0,0,0.0,0.0002726281352235551,0.0002726281352235551,0.0002726281352235551,0.0,0.0,3668.0,3668.0,1.0,0.0,0.0
149,1.2869565217391303,0.3153734803199768,39.231269121170044,0.0983436107635498,0.0,1.0,1.0,1.0,0.0,0,0.0,0.0002726281352235551,0.0002726281352235551,0.0002726281352235551,0.0,0.0,3668.0,3668.0,1.0,0.0,0.0
150,1.2956521739130435,0.330650269985199,39.48224329948425,0.11735010147094727,0.0,1.0,1.0,1.0,0.0,0,0.0,0.0002726281352235551,0.0002726281352235551,0.0002726281352235551,0.0,0.0,3668.0,3668.0,1.0,0.0,0.0
151,1.3043478260869565,0.3218567669391632,40.666367292404175,0.11362957954406738,0.0,1.0,1.0,1.0,0.0,0,0.0,0.0002726281352235551,0.0002726281352235551,0.0002726281352235551,0.0,0.0,3668.0,3668.0,1.0,0.0,0.0
152,1.3130434782608695,0.2618536055088043,40.88687324523926,0.09974408149719238,0.0,1.0,1.0,1.0,0.0,0,0.0,0.0002726281352235551,0.0002726281352235551,0.0002726281352235551,0.0,0.0,3668.0,3668.0,1.0,0.0,0.0
153,1.3217391304347825,0.24798861145973206,41.11728572845459,0.0980224609375,0.0,1.0,1.0,1.0,0.0,0,0.0,0.0002726281352235551,0.0002726281352235551,0.0002726281352235551,0.0,0.0,3668.0,3668.0,1.0,0.0,0.0
154,1.3304347826086957,0.41799840331077576,41.364381074905396,0.1113138198852539,0.0,1.0,1.0,1.0,0.0,0,0.0,0.0002726281352235551,0.0002726281352235551,0.0002726281352235551,0.0,0.0,3668.0,3668.0,1.0,0.0,0.0
155,1.3391304347826087,0.24788156151771545,41.589932680130005,0.10457730293273926,0.0,1.0,1.0,1.0,0.0,0,0.0,0.0002726281352235551,0.0002726281352235551,0.0002726281352235551,0.0,0.0,3668.0,3668.0,1.0,0.0,0.0
156,1.3478260869565217,0.33543074131011963,41.8167622089386,0.09897494316101074,0.0,1.0,1.0,1.0,0.0,0,0.0,0.0002726281352235551,0.0002726281352235551,0.0002726281352235551,0.0,0.0,3668.0,3668.0,1.0,0.0,0.0
157,1.3565217391304347,0.14654821157455444,42.0605354309082,0.10957932472229004,0.0,1.0,1.0,1.0,0.0,0,0.0,0.0002726281352235551,0.0002726281352235551,0.0002726281352235551,0.0,0.0,3668.0,3668.0,1.0,0.0,0.0
158,1.3652173913043477,0.30266550183296204,42.29246473312378,0.10959863662719727,0.0,1.0,1.0,1.0,0.0,0,0.0,0.0002726281352235551,0.0002726281352235551,0.0002726281352235551,0.0,0.0,3668.0,3668.0,1.0,0.0,0.0
159,1.373913043478261,0.2805488705635071,42.52069425582886,0.1059260368347168,0.0,1.0,1.0,1.0,0.0,0,0.0,0.0002726281352235551,0.0002726281352235551,0.0002726281352235551,0.0,0.0,3668.0,3668.0,1.0,0.0,0.0
160,1.382608695652174,0.3354567289352417,42.755183935165405,0.10845708847045898,0.0,1.0,1.0,1.0,0.0,0,0.0,0.0002726281352235551,0.0002726281352235551,0.0002726281352235551,0.0,0.0,3668.0,3668.0,1.0,0.0,0.0
161,1.391304347826087,0.31941521167755127,42.98868107795715,0.10870742797851562,0.0,1.0,1.0,1.0,0.0,0,0.0,0.0002726281352235551,0.0002726281352235551,0.0002726281352235551,0.0,0.0,3668.0,3668.0,1.0,0.0,0.0
162,1.4,0.355210542678833,43.212095499038696,0.09935235977172852,0.0,1.0,1.0,1.0,0.0,0,0.0,0.0002726281352235551,0.0002726281352235551,0.0002726281352235551,0.0,0.0,3668.0,3668.0,1.0,0.0,0.0
163,1.4086956521739131,0.4758264124393463,43.44238519668579,0.09531593322753906,0.0,1.0,1.0,1.0,0.0,0,0.0,0.0002726281352235551,0.0002726281352235551,0.0002726281352235551,0.0,0.0,3668.0,3668.0,1.0,0.0,0.0
164,1.4173913043478261,0.3835098445415497,43.67453718185425,0.09594917297363281,0.0,1.0,1.0,1.0,0.0,0,0.0,0.0002726281352235551,0.0002726281352235551,0.0002726281352235551,0.0,0.0,3668.0,3668.0,1.0,0.0,0.0
165,1.4260869565217391,0.24292248487472534,43.91537261009216,0.10497736930847168,0.0,1.0,1.0,1.0,0.0,0,0.0,0.0002726281352235551,0.0002726281352235551,0.0002726281352235551,0.0,0.0,3668.0,3668.0,1.0,0.0,0.0
166,1.434782608695652,0.18203826248645782,44.15601396560669,0.11373710632324219,0.0,1.0,1.0,1.0,0.0,0,0.0,0.0002726281352235551,0.0002726281352235551,0.0002726281352235551,0.0,0.0,3668.0,3668.0,1.0,0.0,0.0
167,1.4434782608695653,0.29613038897514343,44.37929630279541,0.10424041748046875,0.0,1.0,1.0,1.0,0.0,0,0.0,0.0002726281352235551,0.0002726281352235551,0.0002726281352235551,0.0,0.0,3668.0,3668.0,1.0,0.0,0.0
168,1.4521739130434783,0.2677042484283447,44.61019039154053,0.10414791107177734,0.0,1.0,1.0,1.0,0.0,0,0.0,0.0002726281352235551,0.0002726281352235551,0.0002726281352235551,0.0,0.0,3668.0,3668.0,1.0,0.0,0.0
169,1.4608695652173913,0.4409705400466919,44.835373878479004,0.0973808765411377,0.0,1.0,1.0,1.0,0.0,0,0.0,0.0002726281352235551,0.0002726281352235551,0.0002726281352235551,0.0,0.0,3668.0,3668.0,1.0,0.0,0.0
170,1.4695652173913043,0.2624841332435608,45.08348798751831,0.11319899559020996,0.0,1.0,1.0,1.0,0.0,0,0.0,0.0002726281352235551,0.0002726281352235551,0.0002726281352235551,0.0,0.0,3668.0,3668.0,1.0,0.0,0.0
171,1.4782608695652173,0.2303825318813324,45.300365924835205,0.09576416015625,0.0,1.0,1.0,1.0,0.0,0,0.0,0.0002726281352235551,0.0002726281352235551,0.0002726281352235551,0.0,0.0,3668.0,3668.0,1.0,0.0,0.0
172,1.4869565217391305,0.13504691421985626,45.53455400466919,0.09783101081848145,0.0,1.0,1.0,1.0,0.0,0,0.0,0.0002726281352235551,0.0002726281352235551,0.0002726281352235551,0.0,0.0,3668.0,3668.0,1.0,0.0,0.0
173,1.4956521739130435,0.31836646795272827,45.78026008605957,0.11052107810974121,0.0,1.0,1.0,1.0,0.0,0,0.0,0.0002726281352235551,0.0002726281352235551,0.0002726281352235551,0.0,0.0,3668.0,3668.0,1.0,0.0,0.0
174,1.5043478260869565,0.20893311500549316,45.9991021156311,0.09661436080932617,0.0,1.0,1.0,1.0,0.0,0,0.0,0.0002726281352235551,0.0002726281352235551,0.0002726281352235551,0.0,0.0,3668.0,3668.0,1.0,0.0,0.0
175,1.5130434782608695,0.31220492720603943,46.233097314834595,0.09837913513183594,0.0,1.0,1.0,1.0,0.0,0,0.0,0.0002726281352235551,0.0002726281352235551,0.0002726281352235551,0.0,0.0,3668.0,3668.0,1.0,0.0,0.0
176,1.5217391304347827,0.23467892408370972,47.425196409225464,0.11391067504882812,0.0,1.0,1.0,1.0,0.0,0,0.0,0.0002726281352235551,0.0002726281352235551,0.0002726281352235551,0.0,0.0,3668.0,3668.0,1.0,0.0,0.0
177,1.5304347826086957,0.4408235549926758,47.6567587852478,0.11109209060668945,0.0,1.0,1.0,1.0,0.0,0,0.0,0.0002726281352235551,0.0002726281352235551,0.0002726281352235551,0.0,0.0,3668.0,3668.0,1.0,0.0,0.0
178,1.5391304347826087,0.2575933337211609,47.87669897079468,0.0985865592956543,0.0,1.0,1.0,1.0,0.0,0,0.0,0.0002726281352235551,0.0002726281352235551,0.0002726281352235551,0.0,0.0,3668.0,3668.0,1.0,0.0,0.0
179,1.5478260869565217,0.21770131587982178,48.10814070701599,0.09628438949584961,0.0,1.0,1.0,1.0,0.0,0,0.0,0.0002726281352235551,0.0002726281352235551,0.0002726281352235551,0.0,0.0,3668.0,3668.0,1.0,0.0,0.0
180,1.5565217391304347,0.15928207337856293,48.34257459640503,0.09798312187194824,0.0,1.0,1.0,1.0,0.0,0,0.0,0.0002726281352235551,0.0002726281352235551,0.0002726281352235551,0.0,0.0,3668.0,3668.0,1.0,0.0,0.0
181,1.565217391304348,0.13365329802036285,48.591142892837524,0.11341166496276855,0.0,1.0,1.0,1.0,0.0,0,0.0,0.0002726281352235551,0.0002726281352235551,0.0002726281352235551,0.0,0.0,3668.0,3668.0,1.0,0.0,0.0
182,1.5739130434782609,0.11854774504899979,48.81818246841431,0.10832595825195312,0.0,1.0,1.0,1.0,0.0,0,0.0,0.0002726281352235551,0.0002726281352235551,0.0002726281352235551,0.0,0.0,3668.0,3668.0,1.0,0.0,0.0
183,1.5826086956521739,0.32254958152770996,49.060229778289795,0.11745595932006836,0.0,1.0,1.0,1.0,0.0,0,0.0,0.0002726281352235551,0.0002726281352235551,0.0002726281352235551,0.0,0.0,3668.0,3668.0,1.0,0.0,0.0
184,1.5913043478260869,0.1935679018497467,49.278417110443115,0.09615468978881836,0.0,1.0,1.0,1.0,0.0,0,0.0,0.0002726281352235551,0.0002726281352235551,0.0002726281352235551,0.0,0.0,3668.0,3668.0,1.0,0.0,0.0
185,1.6,0.13373906910419464,49.51406645774841,0.10001397132873535,0.0,1.0,1.0,1.0,0.0,0,0.0,0.0002726281352235551,0.0002726281352235551,0.0002726281352235551,0.0,0.0,3668.0,3668.0,1.0,0.0,0.0
186,1.608695652173913,0.23325878381729126,49.76470112800598,0.11751556396484375,0.0,1.0,1.0,1.0,0.0,0,0.0,0.0002726281352235551,0.0002726281352235551,0.0002726281352235551,0.0,0.0,3668.0,3668.0,1.0,0.0,0.0
187,1.617391304347826,0.1061420664191246,49.98555254936218,0.10675954818725586,0.0,1.0,1.0,1.0,0.0,0,0.0,0.0002726281352235551,0.0002726281352235551,0.0002726281352235551,0.0,0.0,3668.0,3668.0,1.0,0.0,0.0
188,1.626086956521739,0.5812227725982666,50.22006273269653,0.10842299461364746,0.0,1.0,1.0,1.0,0.0,0,0.0,0.0002726281352235551,0.0002726281352235551,0.0002726281352235551,0.0,0.0,3668.0,3668.0,1.0,0.0,0.0
189,1.6347826086956523,0.13964280486106873,50.445526123046875,0.10177111625671387,0.0,1.0,1.0,1.0,0.0,0,0.0,0.0002726281352235551,0.0002726281352235551,0.0002726281352235551,0.0,0.0,3668.0,3668.0,1.0,0.0,0.0
190,1.6434782608695653,0.16477002203464508,50.67781615257263,0.09979963302612305,0.0,1.0,1.0,1.0,0.0,0,0.0,0.0002726281352235551,0.0002726281352235551,0.0002726281352235551,0.0,0.0,3668.0,3668.0,1.0,0.0,0.0
191,1.6521739130434783,0.119170643389225,50.91811156272888,0.10872077941894531,0.0,1.0,1.0,1.0,0.0,0,0.0,0.0002726281352235551,0.0002726281352235551,0.0002726281352235551,0.0,0.0,3668.0,3668.0,1.0,0.0,0.0
192,1.6608695652173913,0.20061752200126648,51.13895630836487,0.09687280654907227,0.0,1.0,1.0,1.0,0.0,0,0.0,0.0002726281352235551,0.0002726281352235551,0.0002726281352235551,0.0,0.0,3668.0,3668.0,1.0,0.0,0.0
193,1.6695652173913043,0.1825801283121109,51.38687038421631,0.1115882396697998,0.0,1.0,1.0,1.0,0.0,0,0.0,0.0002726281352235551,0.0002726281352235551,0.0002726281352235551,0.0,0.0,3668.0,3668.0,1.0,0.0,0.0
194,1.6782608695652175,0.11753373593091965,51.6060106754303,0.09687566757202148,0.0,1.0,1.0,1.0,0.0,0,0.0,0.0002726281352235551,0.0002726281352235551,0.0002726281352235551,0.0,0.0,3668.0,3668.0,1.0,0.0,0.0
195,1.6869565217391305,0.11029129475355148,51.849191188812256,0.10889720916748047,0.0,1.0,1.0,1.0,0.0,0,0.0,0.0002726281352235551,0.0002726281352235551,0.0002726281352235551,0.0,0.0,3668.0,3668.0,1.0,0.0,0.0
196,1.6956521739130435,0.19965770840644836,52.08525562286377,0.11219429969787598,0.0,1.0,1.0,1.0,0.0,0,0.0,0.0002726281352235551,0.0002726281352235551,0.0002726281352235551,0.0,0.0,3668.0,3668.0,1.0,0.0,0.0
197,1.7043478260869565,0.3125227689743042,52.32201433181763,0.11730647087097168,0.0,1.0,1.0,1.0,0.0,0,0.0,0.0002726281352235551,0.0002726281352235551,0.0002726281352235551,0.0,0.0,3668.0,3668.0,1.0,0.0,0.0
198,1.7130434782608697,0.25431787967681885,52.53574800491333,0.09778571128845215,0.0,1.0,1.0,1.0,0.0,0,0.0,0.0002726281352235551,0.0002726281352235551,0.0002726281352235551,0.0,0.0,3668.0,3668.0,1.0,0.0,0.0
199,1.7217391304347827,0.07282492518424988,52.78154802322388,0.11135601997375488,0.0,1.0,1.0,1.0,0.0,0,0.0,0.0002726281352235551,0.0002726281352235551,0.0002726281352235551,0.0,0.0,3668.0,3668.0,1.0,0.0,0.0
200,1.7304347826086957,0.09099262952804565,53.01124334335327,0.10807323455810547,0.0,1.0,1.0,1.0,0.0,0,0.0,0.0002726281352235551,0.0002726281352235551,0.0002726281352235551,0.0,0.0,3668.0,3668.0,1.0,0.0,0.0
201,1.7391304347826086,0.17254355549812317,54.197479486465454,0.11301660537719727,0.0,1.0,1.0,1.0,0.0,0,0.0,0.0002726281352235551,0.0002726281352235551,0.0002726281352235551,0.0,0.0,3668.0,3668.0,1.0,0.0,0.0
202,1.7478260869565216,0.12165645509958267,54.42533087730408,0.10571098327636719,0.0,1.0,1.0,1.0,0.0,0,0.0,0.0002726281352235551,0.0002726281352235551,0.0002726281352235551,0.0,0.0,3668.0,3668.0,1.0,0.0,0.0
203,1.7565217391304349,0.4531436562538147,54.66738700866699,0.11354255676269531,0.0,1.0,1.0,1.0,0.0,0,0.0,0.0002726281352235551,0.0002726281352235551,0.0002726281352235551,0.0,0.0,3668.0,3668.0,1.0,0.0,0.0
204,1.7652173913043478,0.10277976095676422,54.900248289108276,0.11317062377929688,0.0,1.0,1.0,1.0,0.0,0,0.0,0.0002726281352235551,0.0002726281352235551,0.0002726281352235551,0.0,0.0,3668.0,3668.0,1.0,0.0,0.0
205,1.7739130434782608,0.2326451987028122,55.13367486000061,0.11419463157653809,0.0,1.0,1.0,1.0,0.0,0,0.0,0.0002726281352235551,0.0002726281352235551,0.0002726281352235551,0.0,0.0,3668.0,3668.0,1.0,0.0,0.0
206,1.7826086956521738,0.2290469855070114,55.36678600311279,0.11398124694824219,0.0,1.0,1.0,1.0,0.0,0,0.0,0.0002726281352235551,0.0002726281352235551,0.0002726281352235551,0.0,0.0,3668.0,3668.0,1.0,0.0,0.0
207,1.791304347826087,0.35922157764434814,55.59636116027832,0.10994362831115723,0.0,1.0,1.0,1.0,0.0,0,0.0,0.0002726281352235551,0.0002726281352235551,0.0002726281352235551,0.0,0.0,3668.0,3668.0,1.0,0.0,0.0
208,1.8,0.32526683807373047,55.83460807800293,0.11455678939819336,0.0,1.0,1.0,1.0,0.0,0,0.0,0.0002726281352235551,0.0002726281352235551,0.0002726281352235551,0.0,0.0,3668.0,3668.0,1.0,0.0,0.0
209,1.808695652173913,0.16079004108905792,56.049965620040894,0.09738278388977051,0.0,1.0,1.0,1.0,0.0,0,0.0,0.0002726281352235551,0.0002726281352235551,0.0002726281352235551,0.0,0.0,3668.0,3668.0,1.0,0.0,0.0
210,1.817391304347826,0.11550401151180267,56.3004310131073,0.1145622730255127,0.0,1.0,1.0,1.0,0.0,0,0.0,0.0002726281352235551,0.0002726281352235551,0.0002726281352235551,0.0,0.0,3668.0,3668.0,1.0,0.0,0.0
211,1.826086956521739,0.24013325572013855,56.519307136535645,0.10099148750305176,0.0,1.0,1.0,1.0,0.0,0,0.0,0.0002726281352235551,0.0002726281352235551,0.0002726281352235551,0.0,0.0,3668.0,3668.0,1.0,0.0,0.0
212,1.8347826086956522,0.19313941895961761,56.76674675941467,0.11303472518920898,0.0,1.0,1.0,1.0,0.0,0,0.0,0.0002726281352235551,0.0002726281352235551,0.0002726281352235551,0.0,0.0,3668.0,3668.0,1.0,0.0,0.0
213,1.8434782608695652,0.044834114611148834,56.98572397232056,0.09832072257995605,0.0,1.0,1.0,1.0,0.0,0,0.0,0.0002726281352235551,0.0002726281352235551,0.0002726281352235551,0.0,0.0,3668.0,3668.0,1.0,0.0,0.0
214,1.8521739130434782,0.3380919098854065,57.23541712760925,0.11365532875061035,0.0,1.0,1.0,1.0,0.0,0,0.0,0.0002726281352235551,0.0002726281352235551,0.0002726281352235551,0.0,0.0,3668.0,3668.0,1.0,0.0,0.0
215,1.8608695652173912,0.17999234795570374,57.47721886634827,0.12230086326599121,0.0,1.0,1.0,1.0,0.0,0,0.0,0.0002726281352235551,0.0002726281352235551,0.0002726281352235551,0.0,0.0,3668.0,3668.0,1.0,0.0,0.0
216,1.8695652173913044,0.13566306233406067,57.69784426689148,0.10861921310424805,0.0,1.0,1.0,1.0,0.0,0,0.0,0.0002726281352235551,0.0002726281352235551,0.0002726281352235551,0.0,0.0,3668.0,3668.0,1.0,0.0,0.0
217,1.8782608695652174,0.15724702179431915,57.9319429397583,0.10914349555969238,0.0,1.0,1.0,1.0,0.0,0,0.0,0.0002726281352235551,0.0002726281352235551,0.0002726281352235551,0.0,0.0,3668.0,3668.0,1.0,0.0,0.0
218,1.8869565217391304,0.14507395029067993,58.16044044494629,0.10309314727783203,0.0,1.0,1.0,1.0,0.0,0,0.0,0.0002726281352235551,0.0002726281352235551,0.0002726281352235551,0.0,0.0,3668.0,3668.0,1.0,0.0,0.0
219,1.8956521739130434,0.15897080302238464,58.387380599975586,0.09713172912597656,0.0,1.0,1.0,1.0,0.0,0,0.0,0.0002726281352235551,0.0002726281352235551,0.0002726281352235551,0.0,0.0,3668.0,3668.0,1.0,0.0,0.0
220,1.9043478260869566,0.07221539318561554,58.621681451797485,0.0976107120513916,0.0,1.0,1.0,1.0,0.0,0,0.0,0.0002726281352235551,0.0002726281352235551,0.0002726281352235551,0.0,0.0,3668.0,3668.0,1.0,0.0,0.0
221,1.9130434782608696,0.1449396014213562,58.85474395751953,0.09656858444213867,0.0,1.0,1.0,1.0,0.0,0,0.0,0.0002726281352235551,0.0002726281352235551,0.0002726281352235551,0.0,0.0,3668.0,3668.0,1.0,0.0,0.0
222,1.9217391304347826,0.19588838517665863,59.10978984832764,0.1186366081237793,0.0,1.0,1.0,1.0,0.0,0,0.0,0.0002726281352235551,0.0002726281352235551,0.0002726281352235551,0.0,0.0,3668.0,3668.0,1.0,0.0,0.0
223,1.9304347826086956,0.34161078929901123,59.33371162414551,0.10680270195007324,0.0,1.0,1.0,1.0,0.0,0,0.0,0.0002726281352235551,0.0002726281352235551,0.0002726281352235551,0.0,0.0,3668.0,3668.0,1.0,0.0,0.0
224,1.9391304347826086,0.23485693335533142,59.56661581993103,0.10613441467285156,0.0,1.0,1.0,1.0,0.0,0,0.0,0.0002726281352235551,0.0002726281352235551,0.0002726281352235551,0.0,0.0,3668.0,3668.0,1.0,0.0,0.0
225,1.9478260869565218,0.17075234651565552,59.788904905319214,0.09623908996582031,0.0,1.0,1.0,1.0,0.0,0,0.0,0.0002726281352235551,0.0002726281352235551,0.0002726281352235551,0.0,0.0,3668.0,3668.0,1.0,0.0,0.0
226,1.9565217391304348,0.196416437625885,60.97942280769348,0.11743569374084473,0.0,1.0,1.0,1.0,0.0,0,0.0,0.0002726281352235551,0.0002726281352235551,0.0002726281352235551,0.0,0.0,3668.0,3668.0,1.0,0.0,0.0
227,1.9652173913043478,0.3041812479496002,61.210023164749146,0.11341595649719238,0.0,1.0,1.0,1.0,0.0,0,0.0,0.0002726281352235551,0.0002726281352235551,0.0002726281352235551,0.0,0.0,3668.0,3668.0,1.0,0.0,0.0
228,1.9739130434782608,0.28167468309402466,61.425976037979126,0.09604096412658691,0.0,1.0,1.0,1.0,0.0,0,0.0,0.0002726281352235551,0.0002726281352235551,0.0002726281352235551,0.0,0.0,3668.0,3668.0,1.0,0.0,0.0
229,1.982608695652174,0.1546051949262619,61.67361521720886,0.11051058769226074,0.0,1.0,1.0,1.0,0.0,0,0.0,0.0002726281352235551,0.0002726281352235551,0.0002726281352235551,0.0,0.0,3668.0,3668.0,1.0,0.0,0.0
230,1.991304347826087,0.14634303748607635,61.91533589363098,0.11780357360839844,0.0,1.0,1.0,1.0,0.0,0,0.0,0.0002726281352235551,0.0002726281352235551,0.0002726281352235551,0.0,0.0,3668.0,3668.0,1.0,0.0,0.0
231,2.0,0.26873767375946045,62.14940428733826,0.11456155776977539,0.0,1.0,1.0,1.0,0.0,0,0.0,0.0002726281352235551,0.0002726281352235551,0.0002726281352235551,0.0,0.0,3668.0,3668.0,1.0,0.0,0.0
232,2.008695652173913,0.3222622871398926,62.38230299949646,0.11478877067565918,0.0,1.0,1.0,1.0,0.0,0,0.0,0.0002726281352235551,0.0002726281352235551,0.0002726281352235551,0.0,0.0,3668.0,3668.0,1.0,0.0,0.0
233,2.017391304347826,0.14695987105369568,62.61575531959534,0.11422300338745117,0.0,1.0,1.0,1.0,0.0,0,0.0,0.0002726281352235551,0.0002726281352235551,0.0002726281352235551,0.0,0.0,3668.0,3668.0,1.0,0.0,0.0
234,2.026086956521739,0.25191324949264526,62.835692167282104,0.10196781158447266,0.0,1.0,1.0,1.0,0.0,0,0.0,0.0002726281352235551,0.0002726281352235551,0.0002726281352235551,0.0,0.0,3668.0,3668.0,1.0,0.0,0.0
235,2.034782608695652,0.27395492792129517,63.08446931838989,0.11607837677001953,0.0,1.0,1.0,1.0,0.0,0,0.0,0.0002726281352235551,0.0002726281352235551,0.0002726281352235551,0.0,0.0,3668.0,3668.0,1.0,0.0,0.0
236,2.0434782608695654,0.2430650293827057,63.30163073539734,0.09783172607421875,0.0,1.0,1.0,1.0,0.0,0,0.0,0.0002726281352235551,0.0002726281352235551,0.0002726281352235551,0.0,0.0,3668.0,3668.0,1.0,0.0,0.0
237,2.0521739130434784,0.11967513710260391,63.54232692718506,0.10584378242492676,0.0,1.0,1.0,1.0,0.0,0,0.0,0.0002726281352235551,0.0002726281352235551,0.0002726281352235551,0.0,0.0,3668.0,3668.0,1.0,0.0,0.0
238,2.0608695652173914,0.14716896414756775,63.78870153427124,0.11794805526733398,0.0,1.0,1.0,1.0,0.0,0,0.0,0.0002726281352235551,0.0002726281352235551,0.0002726281352235551,0.0,0.0,3668.0,3668.0,1.0,0.0,0.0
239,2.0695652173913044,0.20559662580490112,64.0211501121521,0.11639022827148438,0.0,1.0,1.0,1.0,0.0,0,0.0,0.0002726281352235551,0.0002726281352235551,0.0002726281352235551,0.0,0.0,3668.0,3668.0,1.0,0.0,0.0
240,2.0782608695652174,0.09998901188373566,64.23784303665161,0.09986090660095215,0.0,1.0,1.0,1.0,0.0,0,0.0,0.0002726281352235551,0.0002726281352235551,0.0002726281352235551,0.0,0.0,3668.0,3668.0,1.0,0.0,0.0
241,2.0869565217391304,0.2835368514060974,64.48356986045837,0.11280441284179688,0.0,1.0,1.0,1.0,0.0,0,0.0,0.0002726281352235551,0.0002726281352235551,0.0002726281352235551,0.0,0.0,3668.0,3668.0,1.0,0.0,0.0
242,2.0956521739130434,0.2292388677597046,64.7038025856018,0.09809350967407227,0.0,1.0,1.0,1.0,0.0,0,0.0,0.0002726281352235551,0.0002726281352235551,0.0002726281352235551,0.0,0.0,3668.0,3668.0,1.0,0.0,0.0
243,2.1043478260869564,0.11081325262784958,64.95952033996582,0.12123513221740723,0.0,1.0,1.0,1.0,0.0,0,0.0,0.0002726281352235551,0.0002726281352235551,0.0002726281352235551,0.0,0.0,3668.0,3668.0,1.0,0.0,0.0
244,2.1130434782608694,0.07808525115251541,65.16889500617981,0.09682965278625488,0.0,1.0,1.0,1.0,0.0,0,0.0,0.0002726281352235551,0.0002726281352235551,0.0002726281352235551,0.0,0.0,3668.0,3668.0,1.0,0.0,0.0
245,2.121739130434783,0.16008388996124268,65.41399025917053,0.10957908630371094,0.0,1.0,1.0,1.0,0.0,0,0.0,0.0002726281352235551,0.0002726281352235551,0.0002726281352235551,0.0,0.0,3668.0,3668.0,1.0,0.0,0.0
246,2.130434782608696,0.17306536436080933,65.65072512626648,0.11313748359680176,0.0,1.0,1.0,1.0,0.0,0,0.0,0.0002726281352235551,0.0002726281352235551,0.0002726281352235551,0.0,0.0,3668.0,3668.0,1.0,0.0,0.0
247,2.139130434782609,0.2164112627506256,65.88396430015564,0.11156129837036133,0.0,1.0,1.0,1.0,0.0,0,0.0,0.0002726281352235551,0.0002726281352235551,0.0002726281352235551,0.0,0.0,3668.0,3668.0,1.0,0.0,0.0
248,2.1478260869565218,0.27553021907806396,66.11136603355408,0.10577726364135742,0.0,1.0,1.0,1.0,0.0,0,0.0,0.0002726281352235551,0.0002726281352235551,0.0002726281352235551,0.0,0.0,3668.0,3668.0,1.0,0.0,0.0
249,2.1565217391304348,0.27924156188964844,66.34539699554443,0.1076047420501709,0.0,1.0,1.0,1.0,0.0,0,0.0,0.0002726281352235551,0.0002726281352235551,0.0002726281352235551,0.0,0.0,3668.0,3668.0,1.0,0.0,0.0
250,2.1652173913043478,0.19238759577274323,66.58918881416321,0.1186223030090332,0.0,1.0,1.0,1.0,0.0,0,0.0,0.0002726281352235551,0.0002726281352235551,0.0002726281352235551,0.0,0.0,3668.0,3668.0,1.0,0.0,0.0
251,2.1739130434782608,0.23548290133476257,67.771653175354,0.1177217960357666,0.0,1.0,1.0,1.0,0.0,0,0.0,0.0002726281352235551,0.0002726281352235551,0.0002726281352235551,0.0,0.0,3668.0,3668.0,1.0,0.0,0.0
252,2.1826086956521737,0.0617813803255558,67.98636388778687,0.09616446495056152,0.0,1.0,1.0,1.0,0.0,0,0.0,0.0002726281352235551,0.0002726281352235551,0.0002726281352235551,0.0,0.0,3668.0,3668.0,1.0,0.0,0.0
253,2.1913043478260867,0.07477384805679321,68.22260546684265,0.09950923919677734,0.0,1.0,1.0,1.0,0.0,0,0.0,0.0002726281352235551,0.0002726281352235551,0.0002726281352235551,0.0,0.0,3668.0,3668.0,1.0,0.0,0.0
254,2.2,0.08127304911613464,68.45609402656555,0.09914708137512207,0.0,1.0,1.0,1.0,0.0,0,0.0,0.0002726281352235551,0.0002726281352235551,0.0002726281352235551,0.0,0.0,3668.0,3668.0,1.0,0.0,0.0
255,2.208695652173913,0.09681350737810135,68.68757390975952,0.09774398803710938,0.0,1.0,1.0,1.0,0.0,0,0.0,0.0002726281352235551,0.0002726281352235551,0.0002726281352235551,0.0,0.0,3668.0,3668.0,1.0,0.0,0.0
256,2.217391304347826,0.29255399107933044,68.91966247558594,0.09658455848693848,0.0,1.0,1.0,1.0,0.0,0,0.0,0.0002726281352235551,0.0002726281352235551,0.0002726281352235551,0.0,0.0,3668.0,3668.0,1.0,0.0,0.0
257,2.226086956521739,0.1566457450389862,69.1667697429657,0.11019277572631836,0.0,1.0,1.0,1.0,0.0,0,0.0,0.0002726281352235551,0.0002726281352235551,0.0002726281352235551,0.0,0.0,3668.0,3668.0,1.0,0.0,0.0
258,2.234782608695652,0.10765919089317322,69.38820791244507,0.09877562522888184,0.0,1.0,1.0,1.0,0.0,0,0.0,0.0002726281352235551,0.0002726281352235551,0.0002726281352235551,0.0,0.0,3668.0,3668.0,1.0,0.0,0.0
259,2.243478260869565,0.25994059443473816,69.63259148597717,0.10826325416564941,0.0,1.0,1.0,1.0,0.0,0,0.0,0.0002726281352235551,0.0002726281352235551,0.0002726281352235551,0.0,0.0,3668.0,3668.0,1.0,0.0,0.0
260,2.252173913043478,0.24771705269813538,69.86972188949585,0.11144614219665527,0.0,1.0,1.0,1.0,0.0,0,0.0,0.0002726281352235551,0.0002726281352235551,0.0002726281352235551,0.0,0.0,3668.0,3668.0,1.0,0.0,0.0
261,2.260869565217391,0.17177879810333252,70.103835105896,0.11196589469909668,0.0,1.0,1.0,1.0,0.0,0,0.0,0.0002726281352235551,0.0002726281352235551,0.0002726281352235551,0.0,0.0,3668.0,3668.0,1.0,0.0,0.0
262,2.2695652173913046,0.29229122400283813,70.32131505012512,0.0969240665435791,0.0,1.0,1.0,1.0,0.0,0,0.0,0.0002726281352235551,0.0002726281352235551,0.0002726281352235551,0.0,0.0,3668.0,3668.0,1.0,0.0,0.0
263,2.2782608695652176,0.116493821144104,70.573086977005,0.11462688446044922,0.0,1.0,1.0,1.0,0.0,0,0.0,0.0002726281352235551,0.0002726281352235551,0.0002726281352235551,0.0,0.0,3668.0,3668.0,1.0,0.0,0.0
264,2.2869565217391306,0.25388383865356445,70.7956120967865,0.10411262512207031,0.0,1.0,1.0,1.0,0.0,0,0.0,0.0002726281352235551,0.0002726281352235551,0.0002726281352235551,0.0,0.0,3668.0,3668.0,1.0,0.0,0.0
265,2.2956521739130435,0.1067158579826355,71.02687811851501,0.10067129135131836,0.0,1.0,1.0,1.0,0.0,0,0.0,0.0002726281352235551,0.0002726281352235551,0.0002726281352235551,0.0,0.0,3668.0,3668.0,1.0,0.0,0.0
266,2.3043478260869565,0.15407156944274902,71.26039433479309,0.10074496269226074,0.0,1.0,1.0,1.0,0.0,0,0.0,0.0002726281352235551,0.0002726281352235551,0.0002726281352235551,0.0,0.0,3668.0,3668.0,1.0,0.0,0.0
267,2.3130434782608695,0.10204912722110748,71.4945809841156,0.10023283958435059,0.0,1.0,1.0,1.0,0.0,0,0.0,0.0002726281352235551,0.0002726281352235551,0.0002726281352235551,0.0,0.0,3668.0,3668.0,1.0,0.0,0.0
268,2.3217391304347825,0.1771012544631958,71.72792983055115,0.0993194580078125,0.0,1.0,1.0,1.0,0.0,0,0.0,0.0002726281352235551,0.0002726281352235551,0.0002726281352235551,0.0,0.0,3668.0,3668.0,1.0,0.0,0.0
269,2.3304347826086955,0.2380906641483307,71.96163129806519,0.09915733337402344,0.0,1.0,1.0,1.0,0.0,0,0.0,0.0002726281352235551,0.0002726281352235551,0.0002726281352235551,0.0,0.0,3668.0,3668.0,1.0,0.0,0.0
270,2.3391304347826085,0.26322776079177856,72.19754695892334,0.10199713706970215,0.0,1.0,1.0,1.0,0.0,0,0.0,0.0002726281352235551,0.0002726281352235551,0.0002726281352235551,0.0,0.0,3668.0,3668.0,1.0,0.0,0.0
271,2.347826086956522,0.2309277504682541,72.42751049995422,0.09619688987731934,0.0,1.0,1.0,1.0,0.0,0,0.0,0.0002726281352235551,0.0002726281352235551,0.0002726281352235551,0.0,0.0,3668.0,3668.0,1.0,0.0,0.0
272,2.356521739130435,0.04407487064599991,72.67149710655212,0.10688900947570801,0.0,1.0,1.0,1.0,0.0,0,0.0,0.0002726281352235551,0.0002726281352235551,0.0002726281352235551,0.0,0.0,3668.0,3668.0,1.0,0.0,0.0
273,2.365217391304348,0.17342543601989746,72.8939561843872,0.09651041030883789,0.0,1.0,1.0,1.0,0.0,0,0.0,0.0002726281352235551,0.0002726281352235551,0.0002726281352235551,0.0,0.0,3668.0,3668.0,1.0,0.0,0.0
274,2.373913043478261,0.04100359231233597,73.12620139122009,0.09574079513549805,0.0,1.0,1.0,1.0,0.0,0,0.0,0.0002726281352235551,0.0002726281352235551,0.0002726281352235551,0.0,0.0,3668.0,3668.0,1.0,0.0,0.0
275,2.382608695652174,0.26899945735931396,73.37329769134521,0.10942602157592773,0.0,1.0,1.0,1.0,0.0,0,0.0,0.0002726281352235551,0.0002726281352235551,0.0002726281352235551,0.0,0.0,3668.0,3668.0,1.0,0.0,0.0
276,2.391304347826087,0.24709533154964447,74.53957414627075,0.10914182662963867,0.0,1.0,1.0,1.0,0.0,0,0.0,0.0002726281352235551,0.0002726281352235551,0.0002726281352235551,0.0,0.0,3668.0,3668.0,1.0,0.0,0.0
277,2.4,0.07917381078004837,74.7654402256012,0.10055971145629883,0.0,1.0,1.0,1.0,0.0,0,0.0,0.0002726281352235551,0.0002726281352235551,0.0002726281352235551,0.0,0.0,3668.0,3668.0,1.0,0.0,0.0
278,2.408695652173913,0.16473349928855896,74.99856543540955,0.0978701114654541,0.0,1.0,1.0,1.0,0.0,0,0.0,0.0002726281352235551,0.0002726281352235551,0.0002726281352235551,0.0,0.0,3668.0,3668.0,1.0,0.0,0.0
279,2.417391304347826,0.1737326681613922,75.24213314056396,0.10669398307800293,0.0,1.0,1.0,1.0,0.0,0,0.0,0.0002726281352235551,0.0002726281352235551,0.0002726281352235551,0.0,0.0,3668.0,3668.0,1.0,0.0,0.0
280,2.4260869565217393,0.14146824181079865,75.48311567306519,0.11377692222595215,0.0,1.0,1.0,1.0,0.0,0,0.0,0.0002726281352235551,0.0002726281352235551,0.0002726281352235551,0.0,0.0,3668.0,3668.0,1.0,0.0,0.0
281,2.4347826086956523,0.033312439918518066,75.70029711723328,0.09751224517822266,0.0,1.0,1.0,1.0,0.0,0,0.0,0.0002726281352235551,0.0002726281352235551,0.0002726281352235551,0.0,0.0,3668.0,3668.0,1.0,0.0,0.0
282,2.4434782608695653,0.11260100454092026,75.93359899520874,0.09777712821960449,0.0,1.0,1.0,1.0,0.0,0,0.0,0.0002726281352235551,0.0002726281352235551,0.0002726281352235551,0.0,0.0,3668.0,3668.0,1.0,0.0,0.0
283,2.4521739130434783,0.1448104828596115,76.1856369972229,0.11588501930236816,0.0,1.0,1.0,1.0,0.0,0,0.0,0.0002726281352235551,0.0002726281352235551,0.0002726281352235551,0.0,0.0,3668.0,3668.0,1.0,0.0,0.0
284,2.4608695652173913,0.11950435489416122,76.42045283317566,0.11568260192871094,0.0,1.0,1.0,1.0,0.0,0,0.0,0.0002726281352235551,0.0002726281352235551,0.0002726281352235551,0.0,0.0,3668.0,3668.0,1.0,0.0,0.0
285,2.4695652173913043,0.16635513305664062,76.65142941474915,0.11233043670654297,0.0,1.0,1.0,1.0,0.0,0,0.0,0.0002726281352235551,0.0002726281352235551,0.0002726281352235551,0.0,0.0,3668.0,3668.0,1.0,0.0,0.0
286,2.4782608695652173,0.14764229953289032,76.88493180274963,0.11322307586669922,0.0,1.0,1.0,1.0,0.0,0,0.0,0.0002726281352235551,0.0002726281352235551,0.0002726281352235551,0.0,0.0,3668.0,3668.0,1.0,0.0,0.0
287,2.4869565217391303,0.12861230969429016,77.1944432258606,0.17179155349731445,0.0,1.0,1.0,1.0,0.0,0,0.0,0.0002726281352235551,0.0002726281352235551,0.0002726281352235551,0.0,0.0,3668.0,3668.0,1.0,0.0,0.0
288,2.4956521739130433,0.24059218168258667,77.4428358078003,0.12293028831481934,0.0,1.0,1.0,1.0,0.0,0,0.0,0.0002726281352235551,0.0002726281352235551,0.0002726281352235551,0.0,0.0,3668.0,3668.0,1.0,0.0,0.0
289,2.5043478260869567,0.10738866776227951,77.67238306999207,0.1081538200378418,0.0,1.0,1.0,1.0,0.0,0,0.0,0.0002726281352235551,0.0002726281352235551,0.0002726281352235551,0.0,0.0,3668.0,3668.0,1.0,0.0,0.0
290,2.5130434782608697,0.10322791337966919,77.89829063415527,0.09957122802734375,0.0,1.0,1.0,1.0,0.0,0,0.0,0.0002726281352235551,0.0002726281352235551,0.0002726281352235551,0.0,0.0,3668.0,3668.0,1.0,0.0,0.0
291,2.5217391304347827,0.13596317172050476,78.13216972351074,0.09756851196289062,0.0,1.0,1.0,1.0,0.0,0,0.0,0.0002726281352235551,0.0002726281352235551,0.0002726281352235551,0.0,0.0,3668.0,3668.0,1.0,0.0,0.0
292,2.5304347826086957,0.09803254157304764,78.38175797462463,0.11378836631774902,0.0,1.0,1.0,1.0,0.0,0,0.0,0.0002726281352235551,0.0002726281352235551,0.0002726281352235551,0.0,0.0,3668.0,3668.0,1.0,0.0,0.0
293,2.5391304347826087,0.05058947578072548,78.61923050880432,0.11407089233398438,0.0,1.0,1.0,1.0,0.0,0,0.0,0.0002726281352235551,0.0002726281352235551,0.0002726281352235551,0.0,0.0,3668.0,3668.0,1.0,0.0,0.0
294,2.5478260869565217,0.1341421902179718,78.85476112365723,0.11414504051208496,0.0,1.0,1.0,1.0,0.0,0,0.0,0.0002726281352235551,0.0002726281352235551,0.0002726281352235551,0.0,0.0,3668.0,3668.0,1.0,0.0,0.0
295,2.5565217391304347,0.14830732345581055,79.09129524230957,0.11619782447814941,0.0,1.0,1.0,1.0,0.0,0,0.0,0.0002726281352235551,0.0002726281352235551,0.0002726281352235551,0.0,0.0,3668.0,3668.0,1.0,0.0,0.0
296,2.5652173913043477,0.0872417688369751,79.30997657775879,0.09852242469787598,0.0,1.0,1.0,1.0,0.0,0,0.0,0.0002726281352235551,0.0002726281352235551,0.0002726281352235551,0.0,0.0,3668.0,3668.0,1.0,0.0,0.0
297,2.5739130434782607,0.15909937024116516,79.54373621940613,0.09772610664367676,0.0,1.0,1.0,1.0,0.0,0,0.0,0.0002726281352235551,0.0002726281352235551,0.0002726281352235551,0.0,0.0,3668.0,3668.0,1.0,0.0,0.0
298,2.582608695652174,0.03991294652223587,79.79271960258484,0.11267781257629395,0.0,1.0,1.0,1.0,0.0,0,0.0,0.0002726281352235551,0.0002726281352235551,0.0002726281352235551,0.0,0.0,3668.0,3668.0,1.0,0.0,0.0
299,2.591304347826087,0.0503564290702343,80.02891492843628,0.1155250072479248,0.0,1.0,1.0,1.0,0.0,0,0.0,0.0002726281352235551,0.0002726281352235551,0.0002726281352235551,0.0,0.0,3668.0,3668.0,1.0,0.0,0.0
300,2.6,0.12723416090011597,80.26182389259338,0.11319184303283691,0.0,1.0,1.0,1.0,0.0,0,0.0,0.0002726281352235551,0.0002726281352235551,0.0002726281352235551,0.0,0.0,3668.0,3668.0,1.0,0.0,0.0
301,2.608695652173913,0.04495519399642944,81.44207906723022,0.11739802360534668,0.0,1.0,1.0,1.0,0.0,0,0.0,0.0002726281352235551,0.0002726281352235551,0.0002726281352235551,0.0,0.0,3668.0,3668.0,1.0,0.0,0.0
302,2.617391304347826,0.13152574002742767,81.6742811203003,0.11418032646179199,0.0,1.0,1.0,1.0,0.0,0,0.0,0.0002726281352235551,0.0002726281352235551,0.0002726281352235551,0.0,0.0,3668.0,3668.0,1.0,0.0,0.0
303,2.626086956521739,0.1075444221496582,81.90739750862122,0.1129310131072998,0.0,1.0,1.0,1.0,0.0,0,0.0,0.0002726281352235551,0.0002726281352235551,0.0002726281352235551,0.0,0.0,3668.0,3668.0,1.0,0.0,0.0
304,2.634782608695652,0.27984702587127686,82.1425371170044,0.11459922790527344,0.0,1.0,1.0,1.0,0.0,0,0.0,0.0002726281352235551,0.0002726281352235551,0.0002726281352235551,0.0,0.0,3668.0,3668.0,1.0,0.0,0.0
305,2.643478260869565,0.05766962468624115,82.37056541442871,0.10835838317871094,0.0,1.0,1.0,1.0,0.0,0,0.0,0.0002726281352235551,0.0002726281352235551,0.0002726281352235551,0.0,0.0,3668.0,3668.0,1.0,0.0,0.0
306,2.652173913043478,0.06950969994068146,82.60747838020325,0.10989522933959961,0.0,1.0,1.0,1.0,0.0,0,0.0,0.0002726281352235551,0.0002726281352235551,0.0002726281352235551,0.0,0.0,3668.0,3668.0,1.0,0.0,0.0
307,2.6608695652173915,0.021161871030926704,82.84166526794434,0.11132335662841797,0.0,1.0,1.0,1.0,0.0,0,0.0,0.0002726281352235551,0.0002726281352235551,0.0002726281352235551,0.0,0.0,3668.0,3668.0,1.0,0.0,0.0
308,2.6695652173913045,0.08451995253562927,83.07164978981018,0.10631752014160156,0.0,1.0,1.0,1.0,0.0,0,0.0,0.0002726281352235551,0.0002726281352235551,0.0002726281352235551,0.0,0.0,3668.0,3668.0,1.0,0.0,0.0
309,2.6782608695652175,0.02064480073750019,83.300616979599,0.10185527801513672,0.0,1.0,1.0,1.0,0.0,0,0.0,0.0002726281352235551,0.0002726281352235551,0.0002726281352235551,0.0,0.0,3668.0,3668.0,1.0,0.0,0.0
310,2.6869565217391305,0.06228943541646004,83.56011271476746,0.1270008087158203,0.0,1.0,1.0,1.0,0.0,0,0.0,0.0002726281352235551,0.0002726281352235551,0.0002726281352235551,0.0,0.0,3668.0,3668.0,1.0,0.0,0.0
311,2.6956521739130435,0.013844977132976055,83.77944827079773,0.11329483985900879,0.0,1.0,1.0,1.0,0.0,0,0.0,0.0002726281352235551,0.0002726281352235551,0.0002726281352235551,0.0,0.0,3668.0,3668.0,1.0,0.0,0.0
312,2.7043478260869565,0.04401904344558716,83.99726247787476,0.09690403938293457,0.0,1.0,1.0,1.0,0.0,0,0.0,0.0002726281352235551,0.0002726281352235551,0.0002726281352235551,0.0,0.0,3668.0,3668.0,1.0,0.0,0.0
313,2.7130434782608694,0.02127683535218239,84.24438643455505,0.10982322692871094,0.0,1.0,1.0,1.0,0.0,0,0.0,0.0002726281352235551,0.0002726281352235551,0.0002726281352235551,0.0,0.0,3668.0,3668.0,1.0,0.0,0.0
314,2.7217391304347824,0.07649022340774536,84.46610975265503,0.09730935096740723,0.0,1.0,1.0,1.0,0.0,0,0.0,0.0002726281352235551,0.0002726281352235551,0.0002726281352235551,0.0,0.0,3668.0,3668.0,1.0,0.0,0.0
315,2.7304347826086954,0.17985214293003082,84.7150092124939,0.1116182804107666,0.0,1.0,1.0,1.0,0.0,0,0.0,0.0002726281352235551,0.0002726281352235551,0.0002726281352235551,0.0,0.0,3668.0,3668.0,1.0,0.0,0.0
316,2.739130434782609,0.16758014261722565,84.94857144355774,0.11104965209960938,0.0,1.0,1.0,1.0,0.0,0,0.0,0.0002726281352235551,0.0002726281352235551,0.0002726281352235551,0.0,0.0,3668.0,3668.0,1.0,0.0,0.0
317,2.747826086956522,0.20852136611938477,85.18592667579651,0.11410331726074219,0.0,1.0,1.0,1.0,0.0,0,0.0,0.0002726281352235551,0.0002726281352235551,0.0002726281352235551,0.0,0.0,3668.0,3668.0,1.0,0.0,0.0
318,2.756521739130435,0.11269553750753403,85.41326522827148,0.10774397850036621,0.0,1.0,1.0,1.0,0.0,0,0.0,0.0002726281352235551,0.0002726281352235551,0.0002726281352235551,0.0,0.0,3668.0,3668.0,1.0,0.0,0.0
319,2.765217391304348,0.01721404679119587,85.6458477973938,0.10603833198547363,0.0,1.0,1.0,1.0,0.0,0,0.0,0.0002726281352235551,0.0002726281352235551,0.0002726281352235551,0.0,0.0,3668.0,3668.0,1.0,0.0,0.0
320,2.773913043478261,0.053328610956668854,85.8881733417511,0.1150047779083252,0.0,1.0,1.0,1.0,0.0,0,0.0,0.0002726281352235551,0.0002726281352235551,0.0002726281352235551,0.0,0.0,3668.0,3668.0,1.0,0.0,0.0
321,2.782608695652174,0.07632192969322205,86.12009906768799,0.11349248886108398,0.0,1.0,1.0,1.0,0.0,0,0.0,0.0002726281352235551,0.0002726281352235551,0.0002726281352235551,0.0,0.0,3668.0,3668.0,1.0,0.0,0.0
322,2.791304347826087,0.09999948740005493,86.35377931594849,0.11420726776123047,0.0,1.0,1.0,1.0,0.0,0,0.0,0.0002726281352235551,0.0002726281352235551,0.0002726281352235551,0.0,0.0,3668.0,3668.0,1.0,0.0,0.0
323,2.8,0.16702869534492493,86.58625507354736,0.11335635185241699,0.0,1.0,1.0,1.0,0.0,0,0.0,0.0002726281352235551,0.0002726281352235551,0.0002726281352235551,0.0,0.0,3668.0,3668.0,1.0,0.0,0.0
324,2.8086956521739133,0.14463640749454498,86.81983017921448,0.11259222030639648,0.0,1.0,1.0,1.0,0.0,0,0.0,0.0002726281352235551,0.0002726281352235551,0.0002726281352235551,0.0,0.0,3668.0,3668.0,1.0,0.0,0.0
325,2.8173913043478263,0.0529450848698616,87.05274629592896,0.11182570457458496,0.0,1.0,1.0,1.0,0.0,0,0.0,0.0002726281352235551,0.0002726281352235551,0.0002726281352235551,0.0,0.0,3668.0,3668.0,1.0,0.0,0.0
326,2.8260869565217392,0.13231657445430756,88.20905542373657,0.0989837646484375,0.0,1.0,1.0,1.0,0.0,0,0.0,0.0002726281352235551,0.0002726281352235551,0.0002726281352235551,0.0,0.0,3668.0,3668.0,1.0,0.0,0.0
327,2.8347826086956522,0.2630718946456909,88.45792865753174,0.11284494400024414,0.0,1.0,1.0,1.0,0.0,0,0.0,0.0002726281352235551,0.0002726281352235551,0.0002726281352235551,0.0,0.0,3668.0,3668.0,1.0,0.0,0.0
328,2.8434782608695652,0.11012378334999084,88.69194889068604,0.1129763126373291,0.0,1.0,1.0,1.0,0.0,0,0.0,0.0002726281352235551,0.0002726281352235551,0.0002726281352235551,0.0,0.0,3668.0,3668.0,1.0,0.0,0.0
329,2.8521739130434782,0.029918694868683815,88.91215205192566,0.09866476058959961,0.0,1.0,1.0,1.0,0.0,0,0.0,0.0002726281352235551,0.0002726281352235551,0.0002726281352235551,0.0,0.0,3668.0,3668.0,1.0,0.0,0.0
330,2.860869565217391,0.11824219673871994,89.16051149368286,0.11329126358032227,0.0,1.0,1.0,1.0,0.0,0,0.0,0.0002726281352235551,0.0002726281352235551,0.0002726281352235551,0.0,0.0,3668.0,3668.0,1.0,0.0,0.0
331,2.869565217391304,0.1953306794166565,89.37664008140564,0.0958254337310791,0.0,1.0,1.0,1.0,0.0,0,0.0,0.0002726281352235551,0.0002726281352235551,0.0002726281352235551,0.0,0.0,3668.0,3668.0,1.0,0.0,0.0
332,2.878260869565217,0.11947860568761826,89.61041164398193,0.09707188606262207,0.0,1.0,1.0,1.0,0.0,0,0.0,0.0002726281352235551,0.0002726281352235551,0.0002726281352235551,0.0,0.0,3668.0,3668.0,1.0,0.0,0.0
333,2.8869565217391306,0.05882531404495239,89.86070728302002,0.11301517486572266,0.0,1.0,1.0,1.0,0.0,0,0.0,0.0002726281352235551,0.0002726281352235551,0.0002726281352235551,0.0,0.0,3668.0,3668.0,1.0,0.0,0.0
334,2.8956521739130436,0.12111073732376099,90.0780279636383,0.09635543823242188,0.0,1.0,1.0,1.0,0.0,0,0.0,0.0002726281352235551,0.0002726281352235551,0.0002726281352235551,0.0,0.0,3668.0,3668.0,1.0,0.0,0.0
335,2.9043478260869566,0.16238054633140564,90.32166934013367,0.10523486137390137,0.0,1.0,1.0,1.0,0.0,0,0.0,0.0002726281352235551,0.0002726281352235551,0.0002726281352235551,0.0,0.0,3668.0,3668.0,1.0,0.0,0.0
336,2.9130434782608696,0.06963091343641281,90.56422352790833,0.11409187316894531,0.0,1.0,1.0,1.0,0.0,0,0.0,0.0002726281352235551,0.0002726281352235551,0.0002726281352235551,0.0,0.0,3668.0,3668.0,1.0,0.0,0.0
337,2.9217391304347826,0.030434565618634224,90.79773497581482,0.10982799530029297,0.0,1.0,1.0,1.0,0.0,0,0.0,0.0002726281352235551,0.0002726281352235551,0.0002726281352235551,0.0,0.0,3668.0,3668.0,1.0,0.0,0.0
338,2.9304347826086956,0.05727522820234299,91.01888942718506,0.09624552726745605,0.0,1.0,1.0,1.0,0.0,0,0.0,0.0002726281352235551,0.0002726281352235551,0.0002726281352235551,0.0,0.0,3668.0,3668.0,1.0,0.0,0.0
339,2.9391304347826086,0.1424085646867752,91.2625343799591,0.10667014122009277,0.0,1.0,1.0,1.0,0.0,0,0.0,0.0002726281352235551,0.0002726281352235551,0.0002726281352235551,0.0,0.0,3668.0,3668.0,1.0,0.0,0.0
340,2.9478260869565216,0.18634307384490967,91.48922348022461,0.09737372398376465,0.0,1.0,1.0,1.0,0.0,0,0.0,0.0002726281352235551,0.0002726281352235551,0.0002726281352235551,0.0,0.0,3668.0,3668.0,1.0,0.0,0.0
341,2.9565217391304346,0.09558223932981491,91.7251353263855,0.09794974327087402,0.0,1.0,1.0,1.0,0.0,0,0.0,0.0002726281352235551,0.0002726281352235551,0.0002726281352235551,0.0,0.0,3668.0,3668.0,1.0,0.0,0.0
342,2.965217391304348,0.09527713060379028,91.95957350730896,0.09771847724914551,0.0,1.0,1.0,1.0,0.0,0,0.0,0.0002726281352235551,0.0002726281352235551,0.0002726281352235551,0.0,0.0,3668.0,3668.0,1.0,0.0,0.0
343,2.973913043478261,0.14055506885051727,92.19365072250366,0.09731507301330566,0.0,1.0,1.0,1.0,0.0,0,0.0,0.0002726281352235551,0.0002726281352235551,0.0002726281352235551,0.0,0.0,3668.0,3668.0,1.0,0.0,0.0
344,2.982608695652174,0.0938241183757782,92.44284343719482,0.11301493644714355,0.0,1.0,1.0,1.0,0.0,0,0.0,0.0002726281352235551,0.0002726281352235551,0.0002726281352235551,0.0,0.0,3668.0,3668.0,1.0,0.0,0.0
345,2.991304347826087,0.07312790304422379,92.67715382575989,0.11232161521911621,0.0,1.0,1.0,1.0,0.0,0,0.0,0.0002726281352235551,0.0002726281352235551,0.0002726281352235551,0.0,0.0,3668.0,3668.0,1.0,0.0,0.0
