global_step,epoch,sample/unique_count,sample/duplicate_count,sample/duplicate_frac,sample/label0_count,sample/label1_count,sample/fallback_count,sample/mean_p,sample/min_p,sample/max_p,sample/mean_bucket_size,sample/resample_count_sum,sampler/unique_count_batch,sampler/duplicate_count_batch,sampler/duplicate_frac_batch,sampler/label0_count_batch,sampler/label1_count_batch
1,0.0,32,0,0.0,16,16,0,0.003008977704040715,1.1345046456122151e-05,0.014210701698094724,127.53125,0,32,0,0.0,16,16
2,0.008695652173913044,32,0,0.0,13,19,0,0.004546328561021775,1.103813156972254e-05,0.0180307906215114,124.5625,0,32,0,0.0,13,19
3,0.017391304347826087,32,0,0.0,8,24,0,0.005042750400214213,2.7334371985713103e-05,0.01876512375764516,86.65625,0,32,0,0.0,8,24
4,0.02608695652173913,32,0,0.0,13,19,0,0.0038109972665240008,1.1083069482197762e-05,0.0180692750824154,194.09375,0,32,0,0.0,13,19
5,0.034782608695652174,32,0,0.0,15,17,0,0.00399419045775808,2.9176970324647427e-05,0.018768988442402667,61.8125,0,32,0,0.0,15,17
6,0.043478260869565216,32,0,0.0,6,26,0,0.004972620224658416,1.1042200009206261e-05,0.018037088113280975,184.9375,0,32,0,0.0,6,26
7,0.05217391304347826,32,0,0.0,12,20,0,0.004799351703721534,1.2201034339157047e-05,0.01892346507475686,116.78125,0,32,0,0.0,12,20
8,0.06086956521739131,32,0,0.0,12,20,0,0.003997397260073705,2.464743491116699e-05,0.018774526672792745,60.28125,0,32,0,0.0,12,20
9,0.06956521739130435,32,0,0.0,14,18,0,0.004295059854852967,1.0541119756691388e-05,0.01842372865344196,136.5625,0,32,0,0.0,14,18
10,0.0782608695652174,32,0,0.0,13,19,0,0.005339524484215584,2.5174206486939018e-05,0.017717199807686202,34.15625,0,32,0,0.0,13,19
11,0.08695652173913043,32,0,0.0,8,24,0,0.0035961963355040888,1.1487673583754304e-05,0.01771825910608235,120.625,0,32,0,0.0,8,24
12,0.09565217391304348,32,0,0.0,12,20,0,0.003740525863671885,1.0822575836368286e-05,0.018044856972859444,91.78125,0,32,0,0.0,12,20
13,0.10434782608695652,32,0,0.0,8,24,0,0.005405541195342225,1.2002108065993176e-05,0.018082730194156123,71.34375,0,32,0,0.0,8,24
14,0.11304347826086956,32,0,0.0,9,23,0,0.004247716027015014,1.1118476824059184e-05,0.018392392026664182,92.0625,0,32,0,0.0,9,23
15,0.12173913043478261,32,0,0.0,8,24,0,0.0043861304071488375,1.1280354775180212e-05,0.018783297761234823,131.625,0,32,0,0.0,8,24
16,0.13043478260869565,32,0,0.0,11,21,0,0.004007594311394516,9.365279543326471e-05,0.018047423719447966,32.0,0,32,0,0.0,11,21
17,0.1391304347826087,32,0,0.0,13,19,0,0.0035664685909799513,1.1437816807196845e-05,0.01878439890040912,86.125,0,32,0,0.0,13,19
18,0.14782608695652175,32,0,0.0,8,24,0,0.00361024595245016,1.1408066140502326e-05,0.01843185073575015,188.75,0,32,0,0.0,8,24
19,0.1565217391304348,32,0,0.0,14,18,0,0.005130163255918069,1.1397029886168182e-05,0.01878495169651,137.90625,0,32,0,0.0,14,18
20,0.16521739130434782,32,0,0.0,12,20,0,0.004700129501653519,1.0426756007704969e-05,0.018924901193556037,87.125,0,32,0,0.0,12,20
21,0.17391304347826086,32,0,0.0,13,19,0,0.00473127970373129,8.665084452481653e-05,0.018784988031008327,40.71875,0,32,0,0.0,13,19
22,0.1826086956521739,32,0,0.0,9,23,0,0.003251954196705275,1.0562337566669531e-05,0.014198210088099567,220.09375,0,32,0,0.0,9,23
23,0.19130434782608696,32,0,0.0,17,15,0,0.0037794263285127984,1.1192589093670887e-05,0.017721646985567635,117.4375,0,32,0,0.0,17,15
24,0.2,32,0,0.0,14,18,0,0.004662981143035084,1.0669830205572138e-05,0.018431258767815834,84.53125,0,32,0,0.0,14,18
25,0.20869565217391303,32,0,0.0,11,21,0,0.0034614301899009514,1.1048763281827178e-05,0.0184306753075657,214.65625,0,32,0,0.0,11,21
26,0.21739130434782608,32,0,0.0,12,20,0,0.00569781088910205,2.4302965023730883e-05,0.018782839466762246,54.375,0,32,0,0.0,12,20
27,0.22608695652173913,32,0,0.0,14,18,0,0.0035583547357001767,1.1567850805202227e-05,0.018429304635433123,107.875,0,32,0,0.0,14,18
28,0.23478260869565218,32,0,0.0,13,19,0,0.004577037925554592,2.540672472912567e-05,0.01808235320959713,66.5625,0,32,0,0.0,13,19
29,0.24347826086956523,32,0,0.0,11,21,0,0.00531235910170431,1.1881656779294614e-05,0.018780211852320473,60.625,0,32,0,0.0,11,21
30,0.25217391304347825,32,0,0.0,15,17,0,0.005167195466407695,0.00011007408748951486,0.01877912830499981,18.15625,0,32,0,0.0,15,17
31,0.2608695652173913,32,0,0.0,14,18,0,0.0025364990113071703,1.0314031641232147e-05,0.014410168111656114,199.46875,0,32,0,0.0,14,18
32,0.26956521739130435,32,0,0.0,14,18,0,0.004397750427523203,1.1200872455434457e-05,0.018776660681986558,80.9375,0,32,0,0.0,14,18
33,0.2782608695652174,32,0,0.0,16,16,0,0.005079642833228823,1.1099909781586706e-05,0.018422807073332634,117.59375,0,32,0,0.0,16,16
34,0.28695652173913044,32,0,0.0,8,24,0,0.005129627614891004,1.0781186194229044e-05,0.018773890868034136,161.53125,0,32,0,0.0,8,24
35,0.2956521739130435,32,0,0.0,9,23,0,0.003815152435100949,1.0610355456967488e-05,0.018074280902765024,211.5,0,32,0,0.0,9,23
36,0.30434782608695654,32,0,0.0,12,20,0,0.004662531902147509,1.1405765809038645e-05,0.01891868860045386,124.5,0,32,0,0.0,12,20
37,0.3130434782608696,32,0,0.0,15,17,0,0.003739516091993891,1.1022791178103711e-05,0.018417349031113785,109.5,0,32,0,0.0,15,17
38,0.3217391304347826,32,0,0.0,4,28,0,0.004096983125085852,4.463622922385899e-05,0.018415896057726287,56.1875,0,32,0,0.0,4,28
39,0.33043478260869563,32,0,0.0,9,23,0,0.00500448869581588,2.6580624445484842e-05,0.01876669543066661,48.1875,0,32,0,0.0,9,23
40,0.3391304347826087,32,0,0.0,13,19,0,0.0033280317752660445,1.066932489678132e-05,0.017704544478452097,205.125,0,32,0,0.0,13,19
41,0.34782608695652173,32,0,0.0,14,18,0,0.0035922280511166927,2.422285207270982e-05,0.018763758585172898,63.34375,0,32,0,0.0,14,18
42,0.3565217391304348,32,0,0.0,14,18,0,0.004899084195679093,2.5819898578013404e-05,0.018762222380508193,83.21875,0,32,0,0.0,14,18
43,0.3652173913043478,32,0,0.0,14,18,0,0.0038871432787477376,1.0990629585793289e-05,0.0187606295070454,100.15625,0,32,0,0.0,14,18
44,0.3739130434782609,32,0,0.0,12,20,0,0.003175931272302008,1.1480796153606095e-05,0.018023993238142473,192.09375,0,32,0,0.0,12,20
45,0.3826086956521739,32,0,0.0,11,21,0,0.003980320927404916,1.0784052931618046e-05,0.018757361156423496,106.875,0,32,0,0.0,11,21
46,0.391304347826087,32,0,0.0,15,17,0,0.0035340153248737847,1.0863481625972068e-05,0.01840397206310486,119.65625,0,32,0,0.0,15,17
47,0.4,32,0,0.0,12,20,0,0.003943005306479864,1.0938843447602078e-05,0.01801968126170316,146.09375,0,32,0,0.0,12,20
48,0.40869565217391307,32,0,0.0,9,23,0,0.0044847887090177195,1.0636519141254795e-05,0.018909865307214807,251.75,0,32,0,0.0,9,23
49,0.41739130434782606,32,0,0.0,13,19,0,0.0038558316836737805,1.0302252750489878e-05,0.01875108037086689,214.84375,0,32,0,0.0,13,19
50,0.4260869565217391,32,0,0.0,11,21,0,0.004295375849802455,1.0355856543995997e-05,0.018749545563083284,133.03125,0,32,0,0.0,11,21
51,0.43478260869565216,32,0,0.0,16,16,0,0.004674864270531326,1.1993186926523075e-05,0.018051642014151145,72.9375,0,32,0,0.0,16,16
52,0.4434782608695652,32,0,0.0,14,18,0,0.004386352628003201,1.0342229562420389e-05,0.018395039659898964,112.3125,0,32,0,0.0,14,18
53,0.45217391304347826,32,0,0.0,14,18,0,0.00445621767362894,2.4189503068877403e-05,0.018011845150410693,59.4375,0,32,0,0.0,14,18
54,0.4608695652173913,32,0,0.0,9,23,0,0.003700021641313112,1.0334647775258802e-05,0.018743407913316402,211.75,0,32,0,0.0,9,23
55,0.46956521739130436,32,0,0.0,11,21,0,0.004020913249975847,1.0641097981756482e-05,0.018390672405087242,157.21875,0,32,0,0.0,11,21
56,0.4782608695652174,32,0,0.0,11,21,0,0.004232620236972216,2.5285986980843282e-05,0.018008228817444617,100.21875,0,32,0,0.0,11,21
57,0.48695652173913045,32,0,0.0,8,24,0,0.004267226011385929,1.0266541125252718e-05,0.01873924543559139,204.53125,0,32,0,0.0,8,24
58,0.4956521739130435,32,0,0.0,11,21,0,0.004646570801963078,1.09686737811277e-05,0.01800613904208126,130.90625,0,32,0,0.0,11,21
59,0.5043478260869565,32,0,0.0,11,21,0,0.004892062934458854,1.1344832914104078e-05,0.017680969347819552,95.5625,0,32,0,0.0,11,21
60,0.5130434782608696,32,0,0.0,13,19,0,0.003734793730710842,1.1226604322018223e-05,0.018040214747251135,179.71875,0,32,0,0.0,13,19
61,0.5217391304347826,32,0,0.0,11,21,0,0.003562495305219452,2.5422296890842946e-05,0.018734492050613796,93.125,0,32,0,0.0,11,21
62,0.5304347826086957,32,0,0.0,14,18,0,0.004111384275819892,4.6793378723485465e-05,0.0173167563936043,40.0625,0,32,0,0.0,14,18
63,0.5391304347826087,32,0,0.0,15,17,0,0.003542487066975183,2.5365697646350532e-05,0.01767700163930525,53.1875,0,32,0,0.0,15,17
64,0.5478260869565217,32,0,0.0,18,14,0,0.0036396011126571142,1.0076731545218562e-05,0.01873091739034307,132.625,0,32,0,0.0,18,14
65,0.5565217391304348,32,0,0.0,10,22,0,0.003465034328772604,1.0673092041508596e-05,0.01769701307975704,213.875,0,32,0,0.0,10,22
66,0.5652173913043478,32,0,0.0,12,20,0,0.0034422938659461914,4.577227284742937e-05,0.01799827610777998,63.5625,0,32,0,0.0,12,20
67,0.5739130434782609,32,0,0.0,11,21,0,0.00430322074607965,1.081087112380641e-05,0.017997404017796044,110.3125,0,32,0,0.0,11,21
68,0.5826086956521739,32,0,0.0,13,19,0,0.0030612926148199625,1.1292489785466463e-05,0.01641753831175948,166.5625,0,32,0,0.0,13,19
69,0.591304347826087,32,0,0.0,7,25,0,0.005351450130522505,2.6097501818968057e-05,0.01837532359864655,59.375,0,32,0,0.0,7,25
70,0.6,32,0,0.0,11,21,0,0.002903467552832259,1.0545193580640932e-05,0.01872509058033804,241.71875,0,32,0,0.0,11,21
71,0.6086956521739131,32,0,0.0,10,22,0,0.004300296705237634,1.0616577289714651e-05,0.018724367157545347,124.75,0,32,0,0.0,10,22
72,0.6173913043478261,32,0,0.0,11,21,0,0.004788691236535098,4.552586015732907e-05,0.0188942315851722,24.28125,0,32,0,0.0,11,21
73,0.6260869565217392,32,0,0.0,15,17,0,0.004054916591827906,2.5775210791964148e-05,0.017992897452559664,68.75,0,32,0,0.0,15,17
74,0.6347826086956522,32,0,0.0,12,20,0,0.003713424634076073,1.0848919114945677e-05,0.01799217097501592,153.84375,0,32,0,0.0,12,20
75,0.6434782608695652,32,0,0.0,11,21,0,0.0064329232148744395,4.684271066218234e-05,0.01881411861838288,19.53125,0,32,0,0.0,11,21
76,0.6521739130434783,32,0,0.0,11,21,0,0.003981707324786206,4.480964167388166e-05,0.018720629806785988,48.78125,0,32,0,0.0,11,21
77,0.6608695652173913,32,0,0.0,12,20,0,0.0036468415058790163,4.5332813861320194e-05,0.018719901871968748,58.125,0,32,0,0.0,12,20
78,0.6695652173913044,32,0,0.0,10,22,0,0.004531151754115828,1.1778262375920759e-05,0.018891009512502235,127.15625,0,32,0,0.0,10,22
79,0.6782608695652174,32,0,0.0,12,20,0,0.003699976914218141,1.0768547731716187e-05,0.018718497825053436,189.8125,0,32,0,0.0,12,20
80,0.6869565217391305,32,0,0.0,12,20,0,0.0030295710213878225,1.1896147778276552e-05,0.018717849654327084,137.5,0,32,0,0.0,12,20
81,0.6956521739130435,32,0,0.0,15,17,0,0.0030526485222367537,1.1003922291567143e-05,0.018717289474171395,98.1875,0,32,0,0.0,15,17
82,0.7043478260869566,32,0,0.0,16,16,0,0.004962785933524007,2.5655656735916098e-05,0.01871671093810515,66.0,0,32,0,0.0,16,16
83,0.7130434782608696,32,0,0.0,12,20,0,0.004702184467951068,1.0588243043938829e-05,0.018716123879186048,79.375,0,32,0,0.0,12,20
84,0.7217391304347827,32,0,0.0,10,22,0,0.003183357007785876,1.0792195149428341e-05,0.014444956408845125,149.15625,0,32,0,0.0,10,22
85,0.7304347826086957,32,0,0.0,14,18,0,0.005496483770628405,1.1314094877309362e-05,0.018714991460940685,95.25,0,32,0,0.0,14,18
86,0.7391304347826086,32,0,0.0,8,24,0,0.0032477396832927604,1.0816063167186738e-05,0.018020544036182928,138.90625,0,32,0,0.0,8,24
87,0.7478260869565218,32,0,0.0,14,18,0,0.0036825782349721504,1.1437306994017954e-05,0.017343392540864443,93.875,0,32,0,0.0,14,18
88,0.7565217391304347,32,0,0.0,7,25,0,0.004316581183146874,2.494374169656159e-05,0.017298145070680157,74.21875,0,32,0,0.0,7,25
89,0.7652173913043478,32,0,0.0,9,23,0,0.00294984794973797,1.1228802843234452e-05,0.017681953332040704,162.90625,0,32,0,0.0,9,23
90,0.7739130434782608,32,0,0.0,14,18,0,0.005090257672908435,2.6109278450409872e-05,0.01836228724771406,74.34375,0,32,0,0.0,14,18
91,0.782608695652174,32,0,0.0,9,23,0,0.0038099881323594834,1.1600620394124519e-05,0.018711975583924397,228.40625,0,32,0,0.0,9,23
92,0.7913043478260869,32,0,0.0,11,21,0,0.004533550924015512,1.0650178723008794e-05,0.01768070707607705,151.875,0,32,0,0.0,11,21
93,0.8,32,0,0.0,12,20,0,0.00411722394553201,1.004519644624081e-05,0.01871110204463741,247.1875,0,32,0,0.0,12,20
94,0.808695652173913,32,0,0.0,11,21,0,0.0035743414005708586,1.0189827242994255e-05,0.0176580199090182,174.375,0,32,0,0.0,11,21
95,0.8173913043478261,32,0,0.0,8,24,0,0.0033786696641180365,1.015570656339251e-05,0.014473809018921016,157.4375,0,32,0,0.0,8,24
96,0.8260869565217391,32,0,0.0,10,22,0,0.004157863181800911,4.306393989196772e-05,0.018710102832509023,68.5,0,32,0,0.0,10,22
97,0.8347826086956521,32,0,0.0,11,21,0,0.0028032578699094153,1.1189187305009448e-05,0.018709945569996587,190.90625,0,32,0,0.0,11,21
98,0.8434782608695652,32,0,0.0,16,16,0,0.004119137101351612,1.0439861207327602e-05,0.01765727171288632,303.90625,0,32,0,0.0,16,16
99,0.8521739130434782,32,0,0.0,10,22,0,0.0027531521323522334,1.1216599205851794e-05,0.01639759077528945,130.625,0,32,0,0.0,10,22
100,0.8608695652173913,32,0,0.0,17,15,0,0.004154172157562953,1.1284415771028816e-05,0.01801602371400749,73.8125,0,32,0,0.0,17,15
101,0.8695652173913043,32,0,0.0,13,19,0,0.003686707714752243,1.0703235373904883e-05,0.01447506310145682,71.875,0,32,0,0.0,13,19
102,0.8782608695652174,32,0,0.0,13,19,0,0.0034666560848548894,1.080710644122445e-05,0.01817547150767384,169.8125,0,32,0,0.0,13,19
103,0.8869565217391304,32,0,0.0,16,16,0,0.003943384110240705,2.5067769181651094e-05,0.01888162108378391,62.3125,0,32,0,0.0,16,16
104,0.8956521739130435,32,0,0.0,8,24,0,0.004278170953991814,1.0901425279145505e-05,0.018708966842926035,153.5625,0,32,0,0.0,8,24
105,0.9043478260869565,32,0,0.0,10,22,0,0.004090939442630136,1.100578457478463e-05,0.018708770533701468,95.65625,0,32,0,0.0,10,22
106,0.9130434782608695,32,0,0.0,11,21,0,0.005219620859809878,1.1401370766803932e-05,0.01888104737325924,69.40625,0,32,0,0.0,11,21
107,0.9217391304347826,32,0,0.0,12,20,0,0.0033130430814208227,2.54178280839455e-05,0.017979031333677092,103.34375,0,32,0,0.0,12,20
108,0.9304347826086956,32,0,0.0,16,16,0,0.005021079158091448,1.1015072171995516e-05,0.018358014275503615,106.3125,0,32,0,0.0,16,16
109,0.9391304347826087,32,0,0.0,12,20,0,0.0031615345856333696,2.5134011954863718e-05,0.018707752547024666,126.625,0,32,0,0.0,12,20
110,0.9478260869565217,32,0,0.0,17,15,0,0.004789788264687445,1.052966966428271e-05,0.018357521599316702,76.5,0,32,0,0.0,17,15
111,0.9565217391304348,32,0,0.0,10,22,0,0.005387749626672543,2.6140093301280913e-05,0.01887975221282984,143.03125,0,32,0,0.0,10,22
112,0.9652173913043478,32,0,0.0,9,23,0,0.0035975476848184524,9.990085757823957e-06,0.018706958570647175,223.84375,0,32,0,0.0,9,23
113,0.9739130434782609,32,0,0.0,17,15,0,0.004417874074737442,1.0372373845193382e-05,0.01870669400439722,114.25,0,32,0,0.0,17,15
114,0.9826086956521739,32,0,0.0,10,22,0,0.004503373314532728,4.667162776116086e-05,0.01801307749848312,34.71875,0,32,0,0.0,10,22
115,0.991304347826087,32,0,0.0,13,19,0,0.003767611977069696,1.084393420094621e-05,0.018012785748494946,108.28125,0,32,0,0.0,13,19
116,1.0,32,0,0.0,18,14,0,0.0021018255377674806,2.6553268903351132e-05,0.019139884177455192,103.375,0,32,0,0.0,18,14
117,1.008695652173913,32,0,0.0,16,16,0,0.0029811038035120465,3.300072354166072e-05,0.017375754543987227,35.4375,0,32,0,0.0,16,16
118,1.017391304347826,32,0,0.0,14,18,0,0.0019622386232836563,3.0219341219438673e-05,0.01707384801875115,86.375,0,32,0,0.0,14,18
119,1.0260869565217392,32,0,0.0,13,19,0,0.0017995107063821071,2.3746312533075424e-05,0.017375738870041582,54.59375,0,32,0,0.0,13,19
120,1.0347826086956522,32,0,0.0,18,14,0,0.0017548672358782868,2.534838263359683e-05,0.006834610413751083,90.65625,0,32,0,0.0,18,14
121,1.0434782608695652,32,0,0.0,21,11,0,0.002932184370556896,3.135825862320719e-05,0.019142049627622695,44.53125,0,32,0,0.0,21,11
122,1.0521739130434782,32,0,0.0,20,12,0,0.002484765924813459,0.00011758562544086366,0.019143180954903017,27.28125,0,32,0,0.0,20,12
123,1.0608695652173914,32,0,0.0,14,18,0,0.0021799736419234146,2.7446749779603145e-05,0.016522534715825973,50.75,0,32,0,0.0,14,18
124,1.0695652173913044,32,0,0.0,19,13,0,0.0029078710604354633,3.721060272698209e-05,0.01737254382041787,42.96875,0,32,0,0.0,19,13
125,1.0782608695652174,32,0,0.0,18,14,0,0.0017734037907264437,2.772765018327104e-05,0.009123983074142784,47.40625,0,32,0,0.0,18,14
126,1.0869565217391304,32,0,0.0,21,11,0,0.004221405445334612,7.385173967563827e-05,0.019148323538707747,28.65625,0,32,0,0.0,21,11
127,1.0956521739130434,32,0,0.0,12,20,0,0.0019141095568379419,3.8198184567538705e-05,0.016518384649130694,71.9375,0,32,0,0.0,12,20
128,1.1043478260869566,32,0,0.0,19,13,0,0.0036582965494094395,2.413705803591764e-05,0.016619849250672995,84.65625,0,32,0,0.0,19,13
129,1.1130434782608696,32,0,0.0,16,16,0,0.00361389138010269,3.43411150524168e-05,0.017446060961821736,41.1875,0,32,0,0.0,16,16
130,1.1217391304347826,32,0,0.0,23,9,0,0.002687278858838495,2.5141501780662138e-05,0.01915081032343751,48.9375,0,32,0,0.0,23,9
131,1.1304347826086956,32,0,0.0,15,17,0,0.0029130954756704614,2.4271965039297655e-05,0.01825300049231499,67.8125,0,32,0,0.0,15,17
132,1.1391304347826088,32,0,0.0,20,12,0,0.004004207730834007,0.00014044909807982872,0.019151005542487366,17.09375,0,32,0,0.0,20,12
133,1.1478260869565218,32,0,0.0,18,14,0,0.0036409313639556924,6.966909142979425e-05,0.01915102743878333,19.0625,0,32,0,0.0,18,14
134,1.1565217391304348,32,0,0.0,20,12,0,0.002585796111348944,2.6928714150954553e-05,0.019151075716233812,60.65625,0,32,0,0.0,20,12
135,1.1652173913043478,32,0,0.0,14,18,0,0.002563483869873312,2.568585221183903e-05,0.019150925607996715,43.9375,0,32,0,0.0,14,18
136,1.173913043478261,32,0,0.0,14,18,0,0.0033734507867308663,2.7283064162563395e-05,0.018254311128702565,65.0625,0,32,0,0.0,14,18
137,1.182608695652174,32,0,0.0,20,12,0,0.003116945874744774,3.4304270255074445e-05,0.019150729070600635,43.34375,0,32,0,0.0,20,12
138,1.191304347826087,32,0,0.0,20,12,0,0.0021073494210842036,0.00028090666604364475,0.017370728919861803,18.59375,0,32,0,0.0,20,12
139,1.2,32,0,0.0,17,15,0,0.0029765765161284645,2.6934166397621352e-05,0.019150100426227418,72.3125,0,32,0,0.0,17,15
140,1.208695652173913,32,0,0.0,21,11,0,0.0023668230551899265,0.0001359161168136453,0.019149701300212867,25.59375,0,32,0,0.0,21,11
141,1.2173913043478262,32,0,0.0,16,16,0,0.002794342454236738,3.647113986873855e-05,0.017371206803916406,36.375,0,32,0,0.0,16,16
142,1.2260869565217392,32,0,0.0,17,15,0,0.0025536943202000588,0.00013889683085225083,0.019148496051052743,28.0625,0,32,0,0.0,17,15
143,1.2347826086956522,32,0,0.0,17,15,0,0.0028901611185716634,7.886105009820059e-05,0.017371594196942047,20.375,0,32,0,0.0,17,15
144,1.2434782608695651,32,0,0.0,20,12,0,0.003018905802855216,2.6229320602743588e-05,0.019147445434371288,57.59375,0,32,0,0.0,20,12
145,1.2521739130434784,32,0,0.0,17,15,0,0.004271964834644593,3.1839148039535645e-05,0.01914676017270414,32.78125,0,32,0,0.0,17,15
146,1.2608695652173914,32,0,0.0,15,17,0,0.0024726148630715883,3.1408509057991874e-05,0.01914608891075109,57.625,0,32,0,0.0,15,17
147,1.2695652173913043,32,0,0.0,18,14,0,0.0012174156248966994,3.351286206685322e-05,0.008310376162862551,57.21875,0,32,0,0.0,18,14
148,1.2782608695652173,32,0,0.0,18,14,0,0.0030054059542445467,2.7472302629411006e-05,0.019144860909100923,51.59375,0,32,0,0.0,18,14
149,1.2869565217391303,32,0,0.0,18,14,0,0.0035769772148911143,2.3609990091258756e-05,0.019144230581962296,50.21875,0,32,0,0.0,18,14
150,1.2956521739130435,32,0,0.0,11,21,0,0.0036295212798240144,2.461049346615813e-05,0.019143568361821434,47.90625,0,32,0,0.0,11,21
151,1.3043478260869565,32,0,0.0,16,16,0,0.0036363896001981215,7.910378316254167e-05,0.019142949674295924,25.3125,0,32,0,0.0,16,16
152,1.3130434782608695,32,0,0.0,17,15,0,0.0017537322638915408,3.708806678626184e-05,0.009125004460891921,46.09375,0,32,0,0.0,17,15
153,1.3217391304347825,32,0,0.0,19,13,0,0.0029930684948468204,8.568731324893243e-05,0.019141936498013,32.15625,0,32,0,0.0,19,13
154,1.3304347826086957,32,0,0.0,20,12,0,0.003782177276993757,3.7825266446463645e-05,0.01914138668036139,27.78125,0,32,0,0.0,20,12
155,1.3391304347826087,32,0,0.0,9,23,0,0.0025369406679775592,2.5990119960383173e-05,0.016619929548358205,48.6875,0,32,0,0.0,9,23
156,1.3478260869565217,32,0,0.0,19,13,0,0.0020930049597139254,2.581511482206913e-05,0.01914039836076956,73.53125,0,32,0,0.0,19,13
157,1.3565217391304347,32,0,0.0,22,10,0,0.0023556155931545525,3.3725007731459495e-05,0.017375106211477146,35.28125,0,32,0,0.0,22,10
158,1.3652173913043477,32,0,0.0,18,14,0,0.002435388545887981,3.429830332778103e-05,0.019139552469512135,53.8125,0,32,0,0.0,18,14
159,1.373913043478261,32,0,0.0,20,12,0,0.0019613970076066767,2.2861027070620512e-05,0.017375704120095935,42.71875,0,32,0,0.0,20,12
160,1.382608695652174,32,0,0.0,17,15,0,0.001184162471196105,2.5118244121693525e-05,0.008309735178835516,55.59375,0,32,0,0.0,17,15
161,1.391304347826087,32,0,0.0,19,13,0,0.0014994120939440484,2.8356462215684026e-05,0.00878227393593153,45.8125,0,32,0,0.0,19,13
162,1.4,32,0,0.0,18,14,0,0.0015319466023005763,0.0001606000936359122,0.008537400991668186,25.78125,0,32,0,0.0,18,14
163,1.4086956521739131,32,0,0.0,15,17,0,0.002320843610314337,3.327015647273607e-05,0.019137341910870003,42.34375,0,32,0,0.0,15,17
164,1.4173913043478261,32,0,0.0,20,12,0,0.001704278788277531,2.5281488148433497e-05,0.008710528687312263,42.28125,0,32,0,0.0,20,12
165,1.4260869565217391,32,0,0.0,15,17,0,0.002926748016440898,0.00011848242709307576,0.01913634137732109,29.0625,0,32,0,0.0,15,17
166,1.434782608695652,32,0,0.0,18,14,0,0.0022615392089354682,3.194375852118773e-05,0.01653950195323708,46.875,0,32,0,0.0,18,14
167,1.4434782608695653,32,0,0.0,15,17,0,0.0037426555638385263,9.514699230856988e-05,0.019135396250008187,17.40625,0,32,0,0.0,15,17
168,1.4521739130434783,32,0,0.0,16,16,0,0.003312641878491777,3.422244175778791e-05,0.01741780686216556,35.1875,0,32,0,0.0,16,16
169,1.4608695652173913,32,0,0.0,13,19,0,0.003339684758048845,2.4950871167766472e-05,0.01913449228661031,70.40625,0,32,0,0.0,13,19
170,1.4695652173913043,32,0,0.0,15,17,0,0.0019423620486294806,3.3808050181676216e-05,0.01654179289610617,45.5625,0,32,0,0.0,15,17
171,1.4782608695652173,32,0,0.0,20,12,0,0.003587977085706678,0.0001428815252417312,0.01913350084200354,21.8125,0,32,0,0.0,20,12
172,1.4869565217391305,32,0,0.0,17,15,0,0.0010925659461669987,2.447252134785116e-05,0.0075793037021986,85.8125,0,32,0,0.0,17,15
173,1.4956521739130435,32,0,0.0,19,13,0,0.0022513426493525664,8.295915357066198e-05,0.01737987088498541,32.59375,0,32,0,0.0,19,13
174,1.5043478260869565,32,0,0.0,17,15,0,0.0030545055593708334,3.5574720827754435e-05,0.01824143087429084,40.09375,0,32,0,0.0,17,15
175,1.5130434782608695,32,0,0.0,16,16,0,0.0027073532880659895,2.5979397621709372e-05,0.019131416340657233,51.125,0,32,0,0.0,16,16
176,1.5217391304347827,32,0,0.0,18,14,0,0.0033098410907412114,7.161918390606845e-05,0.016617993832575742,25.75,0,32,0,0.0,18,14
177,1.5304347826086957,32,0,0.0,17,15,0,0.0019357673832193644,3.807164901684035e-05,0.019130665144966207,43.625,0,32,0,0.0,17,15
178,1.5391304347826087,32,0,0.0,18,14,0,0.002513385501069859,2.9243256923351352e-05,0.017381512303308675,50.25,0,32,0,0.0,18,14
179,1.5478260869565217,32,0,0.0,16,16,0,0.002556117291457527,2.6670007045937947e-05,0.0174106134959414,54.25,0,32,0,0.0,16,16
180,1.5565217391304347,32,0,0.0,14,18,0,0.0020315430382931332,2.27060013978546e-05,0.01654622951511143,69.6875,0,32,0,0.0,14,18
181,1.565217391304348,32,0,0.0,18,14,0,0.0029687540397006,2.666901043147338e-05,0.017380851272213078,88.09375,0,32,0,0.0,18,14
182,1.5739130434782609,32,0,0.0,13,19,0,0.002558985436222525,7.881689327035791e-05,0.019130004904143055,35.53125,0,32,0,0.0,13,19
183,1.5826086956521739,32,0,0.0,14,18,0,0.0021370237656787657,8.221277399402637e-05,0.01912988867213006,34.40625,0,32,0,0.0,14,18
184,1.5913043478260869,32,0,0.0,17,15,0,0.0036747315884590997,7.324289747388696e-05,0.019129860207238558,32.34375,0,32,0,0.0,17,15
185,1.6,32,0,0.0,21,11,0,0.002268144160969279,8.507407231773041e-05,0.017380718558093262,33.625,0,32,0,0.0,21,11
186,1.608695652173913,32,0,0.0,14,18,0,0.003097803689335375,3.290750620886823e-05,0.019129738968288203,35.3125,0,32,0,0.0,14,18
187,1.617391304347826,32,0,0.0,13,19,0,0.0017754089588187874,2.852924984412016e-05,0.01654750978239373,76.59375,0,32,0,0.0,13,19
188,1.626086956521739,32,0,0.0,18,14,0,0.0032078083066992237,2.849865352098581e-05,0.017381299127890073,48.65625,0,32,0,0.0,18,14
189,1.6347826086956523,32,0,0.0,19,13,0,0.003878723923686051,2.7805756190969192e-05,0.019129223182905268,53.75,0,32,0,0.0,19,13
190,1.6434782608695653,32,0,0.0,17,15,0,0.002116568270773035,2.6872840607230883e-05,0.01281280746077968,57.09375,0,32,0,0.0,17,15
191,1.6521739130434783,32,0,0.0,16,16,0,0.0028280983310871254,2.4388345997835676e-05,0.019128783311892977,72.96875,0,32,0,0.0,16,16
192,1.6608695652173913,32,0,0.0,18,14,0,0.0025451240634420213,2.7207858851708263e-05,0.019128560085247118,47.34375,0,32,0,0.0,18,14
193,1.6695652173913043,32,0,0.0,17,15,0,0.0029611601907307107,0.000148404430183133,0.01912831076978634,24.625,0,32,0,0.0,17,15
194,1.6782608695652175,32,0,0.0,20,12,0,0.002335573189873501,8.006227893289263e-05,0.01912804933412326,25.78125,0,32,0,0.0,20,12
195,1.6869565217391305,32,0,0.0,20,12,0,0.0018971983910251867,0.00014118584871338974,0.016549363972903443,21.78125,0,32,0,0.0,20,12
196,1.6956521739130435,32,0,0.0,20,12,0,0.002972097104962772,3.7331707562885695e-05,0.01912749089450321,45.53125,0,32,0,0.0,20,12
197,1.7043478260869565,32,0,0.0,18,14,0,0.003150294318267968,2.6447602280951487e-05,0.019127146719159778,74.625,0,32,0,0.0,18,14
198,1.7130434782608697,32,0,0.0,21,11,0,0.0024163183618615023,3.430526182086058e-05,0.019126780149205314,38.25,0,32,0,0.0,21,11
199,1.7217391304347827,32,0,0.0,17,15,0,0.0016877937089030868,2.539600831003704e-05,0.0166158886137099,66.5,0,32,0,0.0,17,15
200,1.7304347826086957,32,0,0.0,16,16,0,0.0012877761863446901,2.4627929120583364e-05,0.00830789217083217,92.6875,0,32,0,0.0,16,16
201,1.7391304347826086,32,0,0.0,19,13,0,0.0022009325408531228,2.3693543911172644e-05,0.019125643846553894,61.34375,0,32,0,0.0,19,13
202,1.7478260869565216,32,0,0.0,17,15,0,0.0020462277953016443,3.3385154981444405e-05,0.01655073548368239,36.0625,0,32,0,0.0,17,15
203,1.7565217391304349,32,0,0.0,20,12,0,0.0024361398357721944,2.4329820086799454e-05,0.019124892316046516,52.28125,0,32,0,0.0,20,12
204,1.7652173913043478,32,0,0.0,20,12,0,0.002970296238580851,2.6262879882444384e-05,0.016615330513039907,44.84375,0,32,0,0.0,20,12
205,1.7739130434782608,32,0,0.0,20,12,0,0.002002811655005027,0.00013504721405785405,0.007576066433871872,28.03125,0,32,0,0.0,20,12
206,1.7826086956521738,32,0,0.0,20,12,0,0.00395191331280078,3.4091535229145194e-05,0.0191239239537339,48.46875,0,32,0,0.0,20,12
207,1.791304347826087,32,0,0.0,17,15,0,0.0027710808681805765,2.4876062053319196e-05,0.017401172413095835,40.75,0,32,0,0.0,17,15
208,1.8,32,0,0.0,14,18,0,0.001605416269557975,3.3174005365182085e-05,0.008527661316633128,46.96875,0,32,0,0.0,14,18
209,1.808695652173913,32,0,0.0,19,13,0,0.0033899439409652166,3.778471358273198e-05,0.019123016497646753,34.84375,0,32,0,0.0,19,13
210,1.817391304347826,32,0,0.0,20,12,0,0.0036905479409542735,2.6428986767547185e-05,0.019122799915092817,94.625,0,32,0,0.0,20,12
211,1.826086956521739,32,0,0.0,17,15,0,0.002349591511134052,2.5171019652830568e-05,0.017384854486063486,57.46875,0,32,0,0.0,17,15
212,1.8347826086956522,32,0,0.0,19,13,0,0.002444858544068592,3.2657669526957925e-05,0.019122279282329097,69.59375,0,32,0,0.0,19,13
213,1.8434782608695652,32,0,0.0,17,15,0,0.0034059775159920747,2.6637888177558717e-05,0.01912197233595201,68.53125,0,32,0,0.0,17,15
214,1.8521739130434782,32,0,0.0,20,12,0,0.0027219502202641905,9.599991857882914e-05,0.01738513710802761,28.65625,0,32,0,0.0,20,12
215,1.8608695652173912,32,0,0.0,20,12,0,0.0016039991509412634,2.6916494699495782e-05,0.00869922141143068,42.25,0,32,0,0.0,20,12
216,1.8695652173913044,32,0,0.0,15,17,0,0.0028787021009905787,3.7376133624429185e-05,0.01709550959929952,40.28125,0,32,0,0.0,15,17
217,1.8782608695652174,32,0,0.0,18,14,0,0.0010433739854174254,2.7613832895872868e-05,0.0028889487686817616,60.5625,0,32,0,0.0,18,14
218,1.8869565217391304,32,0,0.0,18,14,0,0.0013649345986724401,8.389803296750785e-05,0.00869883230233427,38.53125,0,32,0,0.0,18,14
219,1.8956521739130434,32,0,0.0,17,15,0,0.002631664347995091,3.043190815336212e-05,0.01912065264586253,53.4375,0,32,0,0.0,17,15
220,1.9043478260869566,32,0,0.0,14,18,0,0.003180102458554899,2.5270340330544867e-05,0.019120470861903955,77.625,0,32,0,0.0,14,18
221,1.9130434782608696,32,0,0.0,12,20,0,0.0024904765874902805,2.564941812601655e-05,0.013144350895867836,51.375,0,32,0,0.0,12,20
222,1.9217391304347826,32,0,0.0,18,14,0,0.0027527993547838093,0.00014048404984779374,0.01912010571768489,19.96875,0,32,0,0.0,18,14
223,1.9304347826086956,32,0,0.0,16,16,0,0.003108139213165901,3.881011482915273e-05,0.01911992499192551,44.90625,0,32,0,0.0,16,16
224,1.9391304347826086,32,0,0.0,18,14,0,0.002855836442403057,6.521032328031225e-05,0.018754218665991106,24.21875,0,32,0,0.0,18,14
225,1.9478260869565218,32,0,0.0,18,14,0,0.0021095346039798173,7.482242556236067e-05,0.01280001902378809,30.875,0,32,0,0.0,18,14
226,1.9565217391304348,32,0,0.0,20,12,0,0.0029892274667023032,0.00013896009519345128,0.01911949821089576,20.6875,0,32,0,0.0,20,12
227,1.9652173913043478,32,0,0.0,15,17,0,0.002360623833455062,8.316319678282924e-05,0.017386217184974854,35.125,0,32,0,0.0,15,17
228,1.9739130434782608,32,0,0.0,18,14,0,0.0021492709888786487,2.4756423950464014e-05,0.016553742969505052,44.625,0,32,0,0.0,18,14
229,1.982608695652174,32,0,0.0,17,15,0,0.0027273920251707057,3.059687351007053e-05,0.017395467555178127,51.96875,0,32,0,0.0,17,15
230,1.991304347826087,32,0,0.0,21,11,0,0.0029967809527082813,2.6306531062807382e-05,0.019118607265667872,41.84375,0,32,0,0.0,21,11
231,2.0,32,0,0.0,18,14,0,0.002257673251435421,3.0860492772141626e-05,0.018719821394332297,51.71875,0,32,0,0.0,18,14
232,2.008695652173913,32,0,0.0,19,13,0,0.003004451363992742,0.00011848261089814191,0.01872034023439643,33.75,0,32,0,0.0,19,13
233,2.017391304347826,32,0,0.0,15,17,0,0.002732331670703467,3.205961671057709e-05,0.018720757385458156,44.9375,0,32,0,0.0,15,17
234,2.026086956521739,32,0,0.0,10,22,0,0.0013274848291018986,3.092860932843608e-05,0.00892567961689095,58.9375,0,32,0,0.0,10,22
235,2.034782608695652,32,0,0.0,20,12,0,0.0027414145077130606,3.000985268733793e-05,0.018720387331703017,40.46875,0,32,0,0.0,20,12
236,2.0434782608695654,32,0,0.0,19,13,0,0.002693316129628329,0.00012289198020991405,0.01577602490766434,32.125,0,32,0,0.0,19,13
237,2.0521739130434784,32,0,0.0,16,16,0,0.0017115290352895632,3.250331201562191e-05,0.018720289514332283,69.6875,0,32,0,0.0,16,16
238,2.0608695652173914,32,0,0.0,14,18,0,0.002187941384576686,3.39052787428696e-05,0.01872109457968981,46.28125,0,32,0,0.0,14,18
239,2.0695652173913044,32,0,0.0,18,14,0,0.0033466506960698928,3.416488831688005e-05,0.018371353528653975,50.875,0,32,0,0.0,18,14
240,2.0782608695652174,32,0,0.0,19,13,0,0.0018509876555018116,2.7923960890622977e-05,0.015882321824712664,73.71875,0,32,0,0.0,19,13
241,2.0869565217391304,32,0,0.0,18,14,0,0.0012127634056518762,6.918901569782728e-05,0.008923155567913949,61.3125,0,32,0,0.0,18,14
242,2.0956521739130434,32,0,0.0,18,14,0,0.0018807538626655145,2.8119915934274816e-05,0.0073676511592550694,45.9375,0,32,0,0.0,18,14
243,2.1043478260869564,32,0,0.0,17,15,0,0.0015698778947646813,0.0001379166584530966,0.007367630009712687,30.125,0,32,0,0.0,17,15
244,2.1130434782608694,32,0,0.0,18,14,0,0.0026307145110979775,2.817994325857339e-05,0.012277198348080026,43.625,0,32,0,0.0,18,14
245,2.121739130434783,32,0,0.0,16,16,0,0.0030621563353524306,2.9366209364817715e-05,0.020045639482782384,46.28125,0,32,0,0.0,16,16
246,2.130434782608696,32,0,0.0,19,13,0,0.002443931014183288,2.9532313257827655e-05,0.018724309181214732,77.78125,0,32,0,0.0,19,13
247,2.139130434782609,32,0,0.0,18,14,0,0.0016742111984997326,0.0001053196783133248,0.008472340235332592,36.90625,0,32,0,0.0,18,14
248,2.1478260869565218,32,0,0.0,15,17,0,0.0029931654318901438,7.55362973610738e-05,0.018723360099224918,40.1875,0,32,0,0.0,15,17
249,2.1565217391304348,32,0,0.0,16,16,0,0.00208909903445587,0.00010805267216762634,0.01588023534268664,32.375,0,32,0,0.0,16,16
250,2.1652173913043478,32,0,0.0,12,20,0,0.0010697808387840897,2.8604932032334682e-05,0.005105661944082033,72.84375,0,32,0,0.0,12,20
251,2.1739130434782608,32,0,0.0,24,8,0,0.0022462244284445596,0.00012175213084509242,0.018721422462662885,31.9375,0,32,0,0.0,24,8
252,2.1826086956521737,32,0,0.0,14,18,0,0.001072594469013932,3.266457845335458e-05,0.004126062583126941,56.8125,0,32,0,0.0,14,18
253,2.1913043478260867,32,0,0.0,18,14,0,0.0022147547653874463,2.9700388933388202e-05,0.018721069736347688,55.125,0,32,0,0.0,18,14
254,2.2,32,0,0.0,16,16,0,0.001598877863436324,7.222011836779945e-05,0.008923346444478154,50.75,0,32,0,0.0,16,16
255,2.208695652173913,32,0,0.0,18,14,0,0.002243665630734276,3.050828136272645e-05,0.018720817940298402,98.90625,0,32,0,0.0,18,14
256,2.217391304347826,32,0,0.0,11,21,0,0.0017984462253507762,7.669056040420842e-05,0.008473271192156032,40.34375,0,32,0,0.0,11,21
257,2.226086956521739,32,0,0.0,18,14,0,0.002149347432623183,0.00012142536380904064,0.0089241278812905,36.96875,0,32,0,0.0,18,14
258,2.234782608695652,32,0,0.0,23,9,0,0.002833047723629958,0.00011070151303189989,0.01871892969066423,38.5,0,32,0,0.0,23,9
259,2.243478260869565,32,0,0.0,20,12,0,0.00378331174320877,0.00012019512722207945,0.016946969637399327,28.21875,0,32,0,0.0,20,12
260,2.252173913043478,32,0,0.0,15,17,0,0.0022845309038291768,3.0022302615165692e-05,0.01871740461396878,55.34375,0,32,0,0.0,15,17
261,2.260869565217391,32,0,0.0,21,11,0,0.0019380930266448165,0.00017810898035568024,0.016165219099952357,31.53125,0,32,0,0.0,21,11
262,2.2695652173913046,32,0,0.0,26,6,0,0.0018065577291014876,0.00013205181846156022,0.008082045194673464,28.375,0,32,0,0.0,26,6
263,2.2782608695652176,32,0,0.0,15,17,0,0.001546138435683958,0.00011170910615041166,0.00808154010759283,44.28125,0,32,0,0.0,15,17
264,2.2869565217391306,32,0,0.0,17,15,0,0.002685173893341125,3.103809939761655e-05,0.01871596295169693,62.1875,0,32,0,0.0,17,15
265,2.2956521739130435,32,0,0.0,18,14,0,0.002107650973052171,0.0001188160286419922,0.015881250369322905,32.46875,0,32,0,0.0,18,14
266,2.3043478260869565,32,0,0.0,12,20,0,0.0020460623917821666,2.7072858947137332e-05,0.018715679132275023,102.78125,0,32,0,0.0,12,20
267,2.3130434782608695,32,0,0.0,11,21,0,0.0011342029952250729,2.8859889346013174e-05,0.005430315830779147,80.3125,0,32,0,0.0,11,21
268,2.3217391304347825,32,0,0.0,20,12,0,0.003598579765923096,3.163103594831056e-05,0.018364971905548883,67.40625,0,32,0,0.0,20,12
269,2.3304347826086955,32,0,0.0,16,16,0,0.0020164164315097256,0.00011069978937121851,0.0061416843776631825,29.1875,0,32,0,0.0,16,16
270,2.3391304347826085,32,0,0.0,19,13,0,0.0020422921317339313,7.429914936264206e-05,0.010026880668829063,31.59375,0,32,0,0.0,19,13
271,2.347826086956522,32,0,0.0,16,16,0,0.002155646572045603,2.8375140491869042e-05,0.011854552932301763,51.875,0,32,0,0.0,16,16
272,2.356521739130435,32,0,0.0,8,24,0,0.001044626662634196,7.496260098274601e-05,0.004544284101303324,35.5,0,32,0,0.0,8,24
273,2.365217391304348,32,0,0.0,18,14,0,0.0015870935288117588,2.7384507108680596e-05,0.015880800613809316,90.0625,0,32,0,0.0,18,14
274,2.373913043478261,32,0,0.0,17,15,0,0.0027117967903086465,8.237218719244028e-05,0.01871386867259416,33.59375,0,32,0,0.0,17,15
275,2.382608695652174,32,0,0.0,18,14,0,0.002204394470237718,8.285981318325207e-05,0.01871370931370679,34.0,0,32,0,0.0,18,14
276,2.391304347826087,32,0,0.0,11,21,0,0.0021953913037306735,7.472722051362405e-05,0.018363262860972215,48.46875,0,32,0,0.0,11,21
277,2.4,32,0,0.0,15,17,0,0.0017704364602660215,7.775866506532643e-05,0.016150871042349833,55.125,0,32,0,0.0,15,17
278,2.408695652173913,32,0,0.0,18,14,0,0.0033639490910722155,0.00013123318657975465,0.018712644018696677,29.9375,0,32,0,0.0,18,14
279,2.417391304347826,32,0,0.0,19,13,0,0.002295710031685667,8.697672601891754e-05,0.00892820377024746,27.5,0,32,0,0.0,19,13
280,2.4260869565217393,32,0,0.0,14,18,0,0.0019172668689184443,2.81840105827409e-05,0.01871207362320891,71.21875,0,32,0,0.0,14,18
281,2.4347826086956523,32,0,0.0,15,17,0,0.0024901998274736896,0.00011217939381330361,0.018712016713808757,38.96875,0,32,0,0.0,15,17
282,2.4434782608695653,32,0,0.0,14,18,0,0.001938173057748237,2.8654541140464663e-05,0.011854146733868875,46.40625,0,32,0,0.0,14,18
283,2.4521739130434783,32,0,0.0,16,16,0,0.001145298549637795,2.953804826190776e-05,0.007789781237629274,78.78125,0,32,0,0.0,16,16
284,2.4608695652173913,32,0,0.0,19,13,0,0.0016815293447111006,7.253405821999704e-05,0.01614860844819206,39.84375,0,32,0,0.0,19,13
285,2.4695652173913043,32,0,0.0,17,15,0,0.0028230527776664455,7.73188189330035e-05,0.020849881496456904,42.03125,0,32,0,0.0,17,15
286,2.4782608695652173,32,0,0.0,20,12,0,0.0012567847288308949,0.00011900949529175552,0.005927132153569428,45.25,0,32,0,0.0,20,12
287,2.4869565217391303,32,0,0.0,13,19,0,0.0025377373783598226,3.099777390086545e-05,0.02084997225058173,51.5,0,32,0,0.0,13,19
288,2.4956521739130433,32,0,0.0,13,19,0,0.0020079319508744028,3.229246524823112e-05,0.010028135025586872,50.4375,0,32,0,0.0,13,19
289,2.5043478260869567,32,0,0.0,17,15,0,0.0018778649360222258,3.023893382385529e-05,0.01185424730853498,56.125,0,32,0,0.0,17,15
290,2.5130434782608697,32,0,0.0,10,22,0,0.002172803482317016,0.00010698828472354624,0.01695763426018731,49.6875,0,32,0,0.0,10,22
291,2.5217391304347827,32,0,0.0,13,19,0,0.001115974326140297,2.7592122633005275e-05,0.0077890956937342985,84.875,0,32,0,0.0,13,19
292,2.5304347826086957,32,0,0.0,22,10,0,0.002439890631243703,7.6121084964455e-05,0.018711341055214697,44.0625,0,32,0,0.0,22,10
293,2.5391304347826087,32,0,0.0,13,19,0,0.0018370970136986915,2.8578636510637834e-05,0.00892897151558538,54.59375,0,32,0,0.0,13,19
294,2.5478260869565217,32,0,0.0,11,21,0,0.0014105755170372596,2.862824215223469e-05,0.008072455391741964,58.34375,0,32,0,0.0,11,21
295,2.5565217391304347,32,0,0.0,15,17,0,0.002272480462790074,0.00011413558811888229,0.011854045451633804,44.0625,0,32,0,0.0,15,17
296,2.5652173913043477,32,0,0.0,17,15,0,0.0026748143188905678,7.922195364323932e-05,0.016959889892580276,34.0625,0,32,0,0.0,17,15
297,2.5739130434782607,32,0,0.0,16,16,0,0.0015439876281898616,7.912478886045124e-05,0.01042601084102545,54.28125,0,32,0,0.0,16,16
298,2.582608695652174,32,0,0.0,20,12,0,0.0030956705170994505,0.00011492595261750135,0.01871238559279549,28.84375,0,32,0,0.0,20,12
299,2.591304347826087,32,0,0.0,17,15,0,0.0021594708258111596,2.851014191950099e-05,0.007939256900162046,43.25,0,32,0,0.0,17,15
300,2.6,32,0,0.0,16,16,0,0.0008965984476008864,0.000103228119016967,0.007939087417062915,55.46875,0,32,0,0.0,16,16
301,2.608695652173913,32,0,0.0,19,13,0,0.002047781281174764,3.079329523726164e-05,0.01614262781101793,66.3125,0,32,0,0.0,19,13
302,2.617391304347826,32,0,0.0,13,19,0,0.002456011749832647,3.269317843131624e-05,0.01871443031834846,71.0625,0,32,0,0.0,13,19
303,2.626086956521739,32,0,0.0,16,16,0,0.0019188095473244534,2.668196003630896e-05,0.01002875429689873,67.71875,0,32,0,0.0,16,16
304,2.634782608695652,32,0,0.0,13,19,0,0.0024538478051337326,9.932022053040658e-05,0.018714737664394653,39.4375,0,32,0,0.0,13,19
305,2.643478260869565,32,0,0.0,16,16,0,0.0020034018195509117,6.487778851429712e-05,0.00892811350943056,31.28125,0,32,0,0.0,16,16
306,2.652173913043478,32,0,0.0,19,13,0,0.0021126681301913454,2.9764708524322412e-05,0.01871455734384794,52.25,0,32,0,0.0,19,13
307,2.6608695652173915,32,0,0.0,22,10,0,0.0023077333645928223,3.503425124033887e-05,0.011853388196659351,40.78125,0,32,0,0.0,22,10
308,2.6695652173913045,32,0,0.0,13,19,0,0.001172317765039748,7.182604690458536e-05,0.005926708085942519,51.75,0,32,0,0.0,13,19
309,2.6782608695652175,32,0,0.0,14,18,0,0.0019612625427398406,3.130424967357984e-05,0.018715591943266,51.15625,0,32,0,0.0,14,18
310,2.6869565217391305,32,0,0.0,17,15,0,0.0020913402603250416,3.093157732215049e-05,0.018716039016955833,64.25,0,32,0,0.0,17,15
311,2.6956521739130435,32,0,0.0,13,19,0,0.0018505568088093656,2.9327565348494868e-05,0.018366089591393582,58.34375,0,32,0,0.0,13,19
312,2.7043478260869565,32,0,0.0,16,16,0,0.002530319695474497,8.06901903931727e-05,0.01871665427550267,32.90625,0,32,0,0.0,16,16
313,2.7130434782608694,32,0,0.0,19,13,0,0.0022017685970830113,0.00015616242729471033,0.016965618499106477,30.4375,0,32,0,0.0,19,13
314,2.7217391304347824,32,0,0.0,16,16,0,0.0017750148003416674,2.754400537576838e-05,0.010028144902941943,78.40625,0,32,0,0.0,16,16
315,2.7304347826086954,32,0,0.0,19,13,0,0.001606288697221779,0.00012285480264057552,0.008339297434563084,33.46875,0,32,0,0.0,19,13
316,2.739130434782609,32,0,0.0,19,13,0,0.002698271105554229,7.778783345107175e-05,0.018718125480346407,50.90625,0,32,0,0.0,19,13
317,2.747826086956522,32,0,0.0,23,9,0,0.0030938765075982453,0.0001289192201735163,0.01871835913303319,28.5,0,32,0,0.0,23,9
318,2.756521739130435,32,0,0.0,24,8,0,0.0027136629662062564,0.00018021366581685253,0.016967709231532607,23.5625,0,32,0,0.0,24,8
319,2.765217391304348,32,0,0.0,17,15,0,0.0014804045534670476,3.094328958324347e-05,0.005315579499805498,58.96875,0,32,0,0.0,17,15
320,2.773913043478261,32,0,0.0,20,12,0,0.001869504385611598,2.9721223784818478e-05,0.008928095730875468,46.1875,0,32,0,0.0,20,12
321,2.782608695652174,32,0,0.0,18,14,0,0.0018582745117443338,3.0045590606790983e-05,0.017856268543673736,59.84375,0,32,0,0.0,18,14
322,2.791304347826087,32,0,0.0,14,18,0,0.0036695016161140672,6.520443735554461e-05,0.02086024042307696,37.03125,0,32,0,0.0,14,18
323,2.8,32,0,0.0,19,13,0,0.0026187036552365057,8.365630169729787e-05,0.018718287976084245,40.34375,0,32,0,0.0,19,13
324,2.8086956521739133,32,0,0.0,20,12,0,0.003287770874770575,7.918806684813713e-05,0.0178569727373195,41.625,0,32,0,0.0,20,12
325,2.8173913043478263,32,0,0.0,19,13,0,0.0017590134711212202,0.00011682821317106216,0.011852333676162004,33.90625,0,32,0,0.0,19,13
326,2.8260869565217392,32,0,0.0,21,11,0,0.0023133582693838865,0.000124895221267435,0.018717842926906158,30.40625,0,32,0,0.0,21,11
327,2.8347826086956522,32,0,0.0,9,23,0,0.0021237270941358664,3.200761106797864e-05,0.020860765890271478,54.78125,0,32,0,0.0,9,23
328,2.8434782608695652,32,0,0.0,25,7,0,0.002538883906467082,0.00011984191216249757,0.01871751095710058,28.09375,0,32,0,0.0,25,7
329,2.8521739130434782,32,0,0.0,19,13,0,0.0014428984569999624,0.00010942224837771253,0.008928734285660954,38.40625,0,32,0,0.0,19,13
330,2.860869565217391,32,0,0.0,21,11,0,0.002159227416148371,3.0878753586130284e-05,0.018717225306634343,52.65625,0,32,0,0.0,21,11
331,2.869565217391304,32,0,0.0,17,15,0,0.00184247236665878,3.185448941322051e-05,0.008066982494657059,55.15625,0,32,0,0.0,17,15
332,2.878260869565217,32,0,0.0,20,12,0,0.0015258110184988064,3.0983064072312544e-05,0.008928845439901271,56.625,0,32,0,0.0,20,12
333,2.8869565217391306,32,0,0.0,20,12,0,0.002648080297286037,0.00011653776475697281,0.018716826074890655,35.28125,0,32,0,0.0,20,12
334,2.8956521739130436,32,0,0.0,14,18,0,0.0017184100890734124,3.153343672540787e-05,0.018716819089046134,52.8125,0,32,0,0.0,14,18
335,2.9043478260869566,32,0,0.0,15,17,0,0.002405514166045855,2.8577781262132656e-05,0.018716879891840888,59.46875,0,32,0,0.0,15,17
336,2.9130434782608696,32,0,0.0,19,13,0,0.002541931273069224,7.610775835441966e-05,0.018716896709664716,42.25,0,32,0,0.0,19,13
337,2.9217391304347826,32,0,0.0,16,16,0,0.0012958546025050607,0.0001248810753287028,0.018716978729081023,50.84375,0,32,0,0.0,16,16
338,2.9304347826086956,32,0,0.0,16,16,0,0.0023430388653352344,0.0001254161191423941,0.01871688247919757,32.59375,0,32,0,0.0,16,16
339,2.9391304347826086,32,0,0.0,17,15,0,0.0021069059265168572,3.453419101325379e-05,0.016130530013983038,50.71875,0,32,0,0.0,17,15
340,2.9478260869565216,32,0,0.0,23,9,0,0.002575572909744489,2.8137942630696723e-05,0.01871660511628483,49.65625,0,32,0,0.0,23,9
341,2.9565217391304346,32,0,0.0,17,15,0,0.0011567994222234012,2.668805516789779e-05,0.005435031429161596,74.9375,0,32,0,0.0,17,15
342,2.965217391304348,32,0,0.0,17,15,0,0.0027132268472606674,3.0906344659654175e-05,0.018365911773991456,46.75,0,32,0,0.0,17,15
343,2.973913043478261,32,0,0.0,15,17,0,0.0023611637982243984,2.6801313078713118e-05,0.01871594096008922,91.71875,0,32,0,0.0,15,17
344,2.982608695652174,32,0,0.0,16,16,0,0.0023243317175522986,2.7608697742328386e-05,0.01871569620790753,57.28125,0,32,0,0.0,16,16
345,2.991304347826087,32,0,0.0,20,12,0,0.0030495052608741093,3.226170089664653e-05,0.018715458702566065,59.90625,0,32,0,0.0,20,12
